[{"latitude": 0, "longitude": 0, "timestamp": "2022-04-12T10-06-03"}, {"latitude": "5001", "longitude": "1001", "timestamp": "2022-04-12T10-06-07"}, {"latitude": "5001", "longitude": "1001", "timestamp": "2022-04-12T10-06-13"}, {"latitude": "5001", "longitude": "1001", "timestamp": "2022-04-12T10-06-18"}, {"latitude": "5001", "longitude": "1001", "timestamp": "2022-04-12T10-06-24"}, {"latitude": "5001", "longitude": "1001", "timestamp": "2022-04-12T10-06-30"}, {"latitude": "5001", "longitude": "1001", "timestamp": "2022-04-12T10-06-33"}, {"latitude": "5001", "longitude": "1001", "timestamp": "2022-04-12T10-06-40"}, {"latitude": "5001", "longitude": "1001", "timestamp": "2022-04-12T10-06-45"}, {"latitude": "5001", "longitude": "1001", "timestamp": "2022-04-12T10-06-50"}, {"latitude": "5001", "longitude": "1001", "timestamp": "2022-04-12T10-06-58"}, {"latitude": "5001", "longitude": "1001", "timestamp": "2022-04-12T10-07-01"}, {"latitude": "5001", "longitude": "1001", "timestamp": "2022-04-12T10-07-08"}, {"latitude": "5001", "longitude": "1001", "timestamp": "2022-04-12T10-07-12"}, {"latitude": "5001", "longitude": "1001", "timestamp": "2022-04-12T10-07-18"}, {"latitude": "5001", "longitude": "1001", "timestamp": "2022-04-12T10-07-19"}, {"latitude": "5001", "longitude": "1001", "timestamp": "2022-04-12T10-07-24"}, {"latitude": "5001", "longitude": "1001", "timestamp": "2022-04-12T10-07-31"}, {"latitude": "5001", "longitude": "1001", "timestamp": "2022-04-12T10-07-38"}, {"latitude": "5001", "longitude": "1001", "timestamp": "2022-04-12T10-07-39"}, {"latitude": "5001", "longitude": "1001", "timestamp": "2022-04-12T10-07-44"}, {"latitude": "5001", "longitude": "1001", "timestamp": "2022-04-12T10-07-49"}, {"latitude": "5001", "longitude": "1001", "timestamp": "2022-04-12T10-07-53"}, {"latitude": "5001", "longitude": "1001", "timestamp": "2022-04-12T10-07-59"}, {"latitude": "5001", "longitude": "1001", "timestamp": "2022-04-12T10-08-04"}, {"latitude": "5001", "longitude": "1001", "timestamp": "2022-04-12T10-08-08"}, {"latitude": "5001", "longitude": "1001", "timestamp": "2022-04-12T10-08-13"}, {"latitude": "5001", "longitude": "1001", "timestamp": "2022-04-12T10-08-18"}, {"latitude": "5001", "longitude": "1001", "timestamp": "2022-04-12T10-08-22"}, {"latitude": "5001", "longitude": "1001", "timestamp": "2022-04-12T10-08-26"}, {"latitude": "5001", "longitude": "1001", "timestamp": "2022-04-12T10-08-32"}, {"latitude": "5002", "longitude": "1002", "timestamp": "2022-04-12T10-08-36"}, {"latitude": "5002", "longitude": "1002", "timestamp": "2022-04-12T10-08-41"}, {"latitude": "5002", "longitude": "1002", "timestamp": "2022-04-12T10-08-45"}, {"latitude": "5002", "longitude": "1002", "timestamp": "2022-04-12T10-08-51"}, {"latitude": "5002", "longitude": "1002", "timestamp": "2022-04-12T10-08-55"}, {"latitude": "5002", "longitude": "1002", "timestamp": "2022-04-12T10-09-01"}, {"latitude": "5002", "longitude": "1002", "timestamp": "2022-04-12T10-09-06"}, {"latitude": "5002", "longitude": "1002", "timestamp": "2022-04-12T10-09-11"}, {"latitude": "5002", "longitude": "1002", "timestamp": "2022-04-12T10-09-15"}, {"latitude": "5002", "longitude": "1002", "timestamp": "2022-04-12T10-09-21"}, {"latitude": "5002", "longitude": "1002", "timestamp": "2022-04-12T10-09-26"}, {"latitude": "5002", "longitude": "1002", "timestamp": "2022-04-12T10-09-31"}, {"latitude": "5002", "longitude": "1002", "timestamp": "2022-04-12T10-09-35"}, {"latitude": "5002", "longitude": "1002", "timestamp": "2022-04-12T10-09-41"}, {"latitude": "5002", "longitude": "1002", "timestamp": "2022-04-12T10-09-46"}, {"latitude": "5002", "longitude": "1002", "timestamp": "2022-04-12T10-09-51"}, {"latitude": "5002", "longitude": "1002", "timestamp": "2022-04-12T10-09-55"}, {"latitude": "5002", "longitude": "1002", "timestamp": "2022-04-12T10-10-01"}, {"latitude": "5002", "longitude": "1002", "timestamp": "2022-04-12T10-10-05"}, {"latitude": "5002", "longitude": "1002", "timestamp": "2022-04-12T10-10-11"}, {"latitude": "5002", "longitude": "1002", "timestamp": "2022-04-12T10-10-16"}, {"latitude": "5002", "longitude": "1002", "timestamp": "2022-04-12T10-10-21"}, {"latitude": "5002", "longitude": "1002", "timestamp": "2022-04-12T10-10-26"}, {"latitude": "5002", "longitude": "1002", "timestamp": "2022-04-12T10-10-31"}, {"latitude": "5002", "longitude": "1002", "timestamp": "2022-04-12T10-10-36"}, {"latitude": "5002", "longitude": "1002", "timestamp": "2022-04-12T10-10-41"}, {"latitude": "5002", "longitude": "1002", "timestamp": "2022-04-12T10-10-46"}, {"latitude": "5002", "longitude": "1002", "timestamp": "2022-04-12T10-10-50"}, {"latitude": "5002", "longitude": "1002", "timestamp": "2022-04-12T10-10-56"}, {"latitude": "5002", "longitude": "1002", "timestamp": "2022-04-12T10-11-01"}, {"latitude": "5040", "longitude": "1040", "timestamp": "2022-04-12T10-13-36"}, {"latitude": "5040", "longitude": "1040", "timestamp": "2022-04-12T10-13-43"}, {"latitude": "5040", "longitude": "1040", "timestamp": "2022-04-12T10-13-49"}, {"latitude": "5040", "longitude": "1040", "timestamp": "2022-04-12T10-13-57"}, {"latitude": "5040", "longitude": "1040", "timestamp": "2022-04-12T10-14-02"}, {"latitude": "5040", "longitude": "1040", "timestamp": "2022-04-12T10-14-07"}, {"latitude": "5040", "longitude": "1040", "timestamp": "2022-04-12T10-14-12"}, {"latitude": "5040", "longitude": "1040", "timestamp": "2022-04-12T10-14-17"}, {"latitude": "5040", "longitude": "1040", "timestamp": "2022-04-12T10-14-19"}, {"latitude": "5040", "longitude": "1040", "timestamp": "2022-04-12T10-14-26"}, {"latitude": "5040", "longitude": "1040", "timestamp": "2022-04-12T10-14-32"}, {"latitude": "5040", "longitude": "1040", "timestamp": "2022-04-12T10-14-38"}, {"latitude": "5040", "longitude": "1040", "timestamp": "2022-04-12T10-14-43"}, {"latitude": "5040", "longitude": "1040", "timestamp": "2022-04-12T10-14-46"}, {"latitude": "5040", "longitude": "1040", "timestamp": "2022-04-12T10-14-51"}, {"latitude": "5040", "longitude": "1040", "timestamp": "2022-04-12T10-14-56"}, {"latitude": "5040", "longitude": "1040", "timestamp": "2022-04-12T10-15-01"}, {"latitude": "5040", "longitude": "1040", "timestamp": "2022-04-12T10-15-04"}, {"latitude": "5040", "longitude": "1040", "timestamp": "2022-04-12T10-15-10"}, {"latitude": "5040", "longitude": "1040", "timestamp": "2022-04-12T10-15-15"}, {"latitude": "5040", "longitude": "1040", "timestamp": "2022-04-12T10-15-19"}, {"latitude": "5040", "longitude": "1040", "timestamp": "2022-04-12T10-15-23"}, {"latitude": "5040", "longitude": "1040", "timestamp": "2022-04-12T10-15-28"}, {"latitude": "5040", "longitude": "1040", "timestamp": "2022-04-12T10-15-33"}, {"latitude": "5040", "longitude": "1040", "timestamp": "2022-04-12T10-15-37"}, {"latitude": "5040", "longitude": "1040", "timestamp": "2022-04-12T10-15-42"}, {"latitude": "5040", "longitude": "1040", "timestamp": "2022-04-12T10-15-47"}, {"latitude": "5040", "longitude": "1040", "timestamp": "2022-04-12T10-15-52"}, {"latitude": "5040", "longitude": "1040", "timestamp": "2022-04-12T10-15-58"}, {"latitude": "5040", "longitude": "1040", "timestamp": "2022-04-12T10-16-02"}, {"latitude": "5050", "longitude": "1050", "timestamp": "2022-04-12T10-16-17"}, {"latitude": "5050", "longitude": "1050", "timestamp": "2022-04-12T10-16-23"}, {"latitude": "5050", "longitude": "1050", "timestamp": "2022-04-12T10-16-28"}, {"latitude": "5050", "longitude": "1050", "timestamp": "2022-04-12T10-16-33"}, {"latitude": "5050", "longitude": "1050", "timestamp": "2022-04-12T10-16-38"}, {"latitude": "5050", "longitude": "1050", "timestamp": "2022-04-12T10-16-43"}, {"latitude": "5050", "longitude": "1050", "timestamp": "2022-04-12T10-16-48"}, {"latitude": "5050", "longitude": "1050", "timestamp": "2022-04-12T10-16-53"}, {"latitude": "5050", "longitude": "1050", "timestamp": "2022-04-12T10-16-58"}, {"latitude": "5050", "longitude": "1050", "timestamp": "2022-04-12T10-17-03"}, {"latitude": "5050", "longitude": "1050", "timestamp": "2022-04-12T10-17-08"}, {"latitude": "5050", "longitude": "1050", "timestamp": "2022-04-12T10-17-13"}, {"latitude": "5050", "longitude": "1050", "timestamp": "2022-04-12T10-17-19"}, {"latitude": "5050", "longitude": "1050", "timestamp": "2022-04-12T10-17-23"}, {"latitude": "5050", "longitude": "1050", "timestamp": "2022-04-12T10-17-28"}, {"latitude": "5050", "longitude": "1050", "timestamp": "2022-04-12T10-17-33"}, {"latitude": "5050", "longitude": "1050", "timestamp": "2022-04-12T10-17-38"}, {"latitude": "5050", "longitude": "1050", "timestamp": "2022-04-12T10-17-43"}, {"latitude": "5050", "longitude": "1050", "timestamp": "2022-04-12T10-17-48"}, {"latitude": "5050", "longitude": "1050", "timestamp": "2022-04-12T10-17-53"}, {"latitude": "5050", "longitude": "1050", "timestamp": "2022-04-12T10-17-59"}, {"latitude": "5050", "longitude": "1050", "timestamp": "2022-04-12T10-18-03"}, {"latitude": "5050", "longitude": "1050", "timestamp": "2022-04-12T10-18-08"}, {"latitude": "5050", "longitude": "1050", "timestamp": "2022-04-12T10-18-13"}, {"latitude": "5050", "longitude": "1050", "timestamp": "2022-04-12T10-18-18"}, {"latitude": "5050", "longitude": "1050", "timestamp": "2022-04-12T10-18-23"}, {"latitude": "5050", "longitude": "1050", "timestamp": "2022-04-12T10-18-28"}, {"latitude": "5050", "longitude": "1050", "timestamp": "2022-04-12T10-18-33"}]