[{"latitude": 0, "longitude": 0, "timestamp": "2022-04-12T10-06-03"}, {"latitude": "5001", "longitude": "1001", "timestamp": "2022-04-12T10-06-07"}, {"latitude": "5001", "longitude": "1001", "timestamp": "2022-04-12T10-06-13"}, {"latitude": "5001", "longitude": "1001", "timestamp": "2022-04-12T10-06-19"}, {"latitude": "5001", "longitude": "1001", "timestamp": "2022-04-12T10-06-26"}, {"latitude": "5001", "longitude": "1001", "timestamp": "2022-04-12T10-06-30"}, {"latitude": "5001", "longitude": "1001", "timestamp": "2022-04-12T10-06-33"}, {"latitude": "5001", "longitude": "1001", "timestamp": "2022-04-12T10-06-40"}, {"latitude": "5001", "longitude": "1001", "timestamp": "2022-04-12T10-06-45"}, {"latitude": "5001", "longitude": "1001", "timestamp": "2022-04-12T10-06-51"}, {"latitude": "5001", "longitude": "1001", "timestamp": "2022-04-12T10-06-54"}, {"latitude": "5001", "longitude": "1001", "timestamp": "2022-04-12T10-07-04"}, {"latitude": "5001", "longitude": "1001", "timestamp": "2022-04-12T10-07-06"}, {"latitude": "5001", "longitude": "1001", "timestamp": "2022-04-12T10-07-12"}, {"latitude": "5001", "longitude": "1001", "timestamp": "2022-04-12T10-07-17"}, {"latitude": "5001", "longitude": "1001", "timestamp": "2022-04-12T10-07-22"}, {"latitude": "5001", "longitude": "1001", "timestamp": "2022-04-12T10-07-27"}, {"latitude": "5001", "longitude": "1001", "timestamp": "2022-04-12T10-07-30"}, {"latitude": "5001", "longitude": "1001", "timestamp": "2022-04-12T10-07-34"}, {"latitude": "5001", "longitude": "1001", "timestamp": "2022-04-12T10-07-40"}, {"latitude": "5001", "longitude": "1001", "timestamp": "2022-04-12T10-07-44"}, {"latitude": "5001", "longitude": "1001", "timestamp": "2022-04-12T10-07-51"}, {"latitude": "5001", "longitude": "1001", "timestamp": "2022-04-12T10-07-53"}, {"latitude": "5001", "longitude": "1001", "timestamp": "2022-04-12T10-07-59"}, {"latitude": "5001", "longitude": "1001", "timestamp": "2022-04-12T10-08-05"}, {"latitude": "5001", "longitude": "1001", "timestamp": "2022-04-12T10-08-09"}, {"latitude": "5001", "longitude": "1001", "timestamp": "2022-04-12T10-08-13"}, {"latitude": "5001", "longitude": "1001", "timestamp": "2022-04-12T10-08-18"}, {"latitude": "5001", "longitude": "1001", "timestamp": "2022-04-12T10-08-24"}, {"latitude": "5001", "longitude": "1001", "timestamp": "2022-04-12T10-08-28"}, {"latitude": "5001", "longitude": "1001", "timestamp": "2022-04-12T10-08-32"}, {"latitude": "5002", "longitude": "1002", "timestamp": "2022-04-12T10-08-36"}, {"latitude": "5002", "longitude": "1002", "timestamp": "2022-04-12T10-08-41"}, {"latitude": "5002", "longitude": "1002", "timestamp": "2022-04-12T10-08-45"}, {"latitude": "5002", "longitude": "1002", "timestamp": "2022-04-12T10-08-50"}, {"latitude": "5002", "longitude": "1002", "timestamp": "2022-04-12T10-08-55"}, {"latitude": "5002", "longitude": "1002", "timestamp": "2022-04-12T10-09-01"}, {"latitude": "5002", "longitude": "1002", "timestamp": "2022-04-12T10-09-06"}, {"latitude": "5002", "longitude": "1002", "timestamp": "2022-04-12T10-09-11"}, {"latitude": "5002", "longitude": "1002", "timestamp": "2022-04-12T10-09-16"}, {"latitude": "5002", "longitude": "1002", "timestamp": "2022-04-12T10-09-21"}, {"latitude": "5002", "longitude": "1002", "timestamp": "2022-04-12T10-09-25"}, {"latitude": "5002", "longitude": "1002", "timestamp": "2022-04-12T10-09-30"}, {"latitude": "5002", "longitude": "1002", "timestamp": "2022-04-12T10-09-35"}, {"latitude": "5002", "longitude": "1002", "timestamp": "2022-04-12T10-09-41"}, {"latitude": "5002", "longitude": "1002", "timestamp": "2022-04-12T10-09-46"}, {"latitude": "5002", "longitude": "1002", "timestamp": "2022-04-12T10-09-51"}, {"latitude": "5002", "longitude": "1002", "timestamp": "2022-04-12T10-09-56"}, {"latitude": "5002", "longitude": "1002", "timestamp": "2022-04-12T10-10-01"}, {"latitude": "5002", "longitude": "1002", "timestamp": "2022-04-12T10-10-07"}, {"latitude": "5002", "longitude": "1002", "timestamp": "2022-04-12T10-10-12"}, {"latitude": "5002", "longitude": "1002", "timestamp": "2022-04-12T10-10-16"}, {"latitude": "5002", "longitude": "1002", "timestamp": "2022-04-12T10-10-21"}, {"latitude": "5002", "longitude": "1002", "timestamp": "2022-04-12T10-10-25"}, {"latitude": "5002", "longitude": "1002", "timestamp": "2022-04-12T10-10-31"}, {"latitude": "5002", "longitude": "1002", "timestamp": "2022-04-12T10-10-36"}, {"latitude": "5002", "longitude": "1002", "timestamp": "2022-04-12T10-10-41"}, {"latitude": "5002", "longitude": "1002", "timestamp": "2022-04-12T10-10-46"}, {"latitude": "5002", "longitude": "1002", "timestamp": "2022-04-12T10-10-51"}, {"latitude": "5002", "longitude": "1002", "timestamp": "2022-04-12T10-10-56"}, {"latitude": "5002", "longitude": "1002", "timestamp": "2022-04-12T10-11-01"}, {"latitude": "5040", "longitude": "1040", "timestamp": "2022-04-12T10-13-38"}, {"latitude": "5040", "longitude": "1040", "timestamp": "2022-04-12T10-13-43"}, {"latitude": "5040", "longitude": "1040", "timestamp": "2022-04-12T10-13-49"}, {"latitude": "5040", "longitude": "1040", "timestamp": "2022-04-12T10-13-56"}, {"latitude": "5040", "longitude": "1040", "timestamp": "2022-04-12T10-14-03"}, {"latitude": "5040", "longitude": "1040", "timestamp": "2022-04-12T10-14-08"}, {"latitude": "5040", "longitude": "1040", "timestamp": "2022-04-12T10-14-13"}, {"latitude": "5040", "longitude": "1040", "timestamp": "2022-04-12T10-14-17"}, {"latitude": "5040", "longitude": "1040", "timestamp": "2022-04-12T10-14-23"}, {"latitude": "5040", "longitude": "1040", "timestamp": "2022-04-12T10-14-30"}, {"latitude": "5040", "longitude": "1040", "timestamp": "2022-04-12T10-14-33"}, {"latitude": "5040", "longitude": "1040", "timestamp": "2022-04-12T10-14-37"}, {"latitude": "5040", "longitude": "1040", "timestamp": "2022-04-12T10-14-42"}, {"latitude": "5040", "longitude": "1040", "timestamp": "2022-04-12T10-14-45"}, {"latitude": "5040", "longitude": "1040", "timestamp": "2022-04-12T10-14-51"}, {"latitude": "5040", "longitude": "1040", "timestamp": "2022-04-12T10-14-55"}, {"latitude": "5040", "longitude": "1040", "timestamp": "2022-04-12T10-14-59"}, {"latitude": "5040", "longitude": "1040", "timestamp": "2022-04-12T10-15-06"}, {"latitude": "5040", "longitude": "1040", "timestamp": "2022-04-12T10-15-08"}, {"latitude": "5040", "longitude": "1040", "timestamp": "2022-04-12T10-15-17"}, {"latitude": "5040", "longitude": "1040", "timestamp": "2022-04-12T10-15-20"}, {"latitude": "5040", "longitude": "1040", "timestamp": "2022-04-12T10-15-24"}, {"latitude": "5040", "longitude": "1040", "timestamp": "2022-04-12T10-15-28"}, {"latitude": "5040", "longitude": "1040", "timestamp": "2022-04-12T10-15-33"}, {"latitude": "5040", "longitude": "1040", "timestamp": "2022-04-12T10-15-38"}, {"latitude": "5040", "longitude": "1040", "timestamp": "2022-04-12T10-15-42"}, {"latitude": "5040", "longitude": "1040", "timestamp": "2022-04-12T10-15-48"}, {"latitude": "5040", "longitude": "1040", "timestamp": "2022-04-12T10-15-52"}, {"latitude": "5040", "longitude": "1040", "timestamp": "2022-04-12T10-15-57"}, {"latitude": "5040", "longitude": "1040", "timestamp": "2022-04-12T10-16-02"}, {"latitude": "5050", "longitude": "1050", "timestamp": "2022-04-12T10-16-19"}, {"latitude": "5050", "longitude": "1050", "timestamp": "2022-04-12T10-16-23"}, {"latitude": "5050", "longitude": "1050", "timestamp": "2022-04-12T10-16-29"}, {"latitude": "5050", "longitude": "1050", "timestamp": "2022-04-12T10-16-33"}, {"latitude": "5050", "longitude": "1050", "timestamp": "2022-04-12T10-16-38"}, {"latitude": "5050", "longitude": "1050", "timestamp": "2022-04-12T10-16-43"}, {"latitude": "5050", "longitude": "1050", "timestamp": "2022-04-12T10-16-48"}, {"latitude": "5050", "longitude": "1050", "timestamp": "2022-04-12T10-16-54"}, {"latitude": "5050", "longitude": "1050", "timestamp": "2022-04-12T10-16-58"}, {"latitude": "5050", "longitude": "1050", "timestamp": "2022-04-12T10-17-03"}, {"latitude": "5050", "longitude": "1050", "timestamp": "2022-04-12T10-17-08"}, {"latitude": "5050", "longitude": "1050", "timestamp": "2022-04-12T10-17-13"}, {"latitude": "5050", "longitude": "1050", "timestamp": "2022-04-12T10-17-18"}, {"latitude": "5050", "longitude": "1050", "timestamp": "2022-04-12T10-17-23"}, {"latitude": "5050", "longitude": "1050", "timestamp": "2022-04-12T10-17-29"}, {"latitude": "5050", "longitude": "1050", "timestamp": "2022-04-12T10-17-33"}, {"latitude": "5050", "longitude": "1050", "timestamp": "2022-04-12T10-17-38"}, {"latitude": "5050", "longitude": "1050", "timestamp": "2022-04-12T10-17-43"}, {"latitude": "5050", "longitude": "1050", "timestamp": "2022-04-12T10-17-48"}, {"latitude": "5050", "longitude": "1050", "timestamp": "2022-04-12T10-17-54"}, {"latitude": "5050", "longitude": "1050", "timestamp": "2022-04-12T10-17-58"}, {"latitude": "5050", "longitude": "1050", "timestamp": "2022-04-12T10-18-03"}, {"latitude": "5050", "longitude": "1050", "timestamp": "2022-04-12T10-18-08"}, {"latitude": "5050", "longitude": "1050", "timestamp": "2022-04-12T10-18-13"}, {"latitude": "5050", "longitude": "1050", "timestamp": "2022-04-12T10-18-18"}, {"latitude": "5050", "longitude": "1050", "timestamp": "2022-04-12T10-18-24"}, {"latitude": "5050", "longitude": "1050", "timestamp": "2022-04-12T10-18-29"}, {"latitude": "5050", "longitude": "1050", "timestamp": "2022-04-12T10-18-33"}]