[{"latitude": 0, "longitude": 0, "timestamp": "2022-04-12T10-06-03"}, {"latitude": "5001", "longitude": "1001", "timestamp": "2022-04-12T10-06-08"}, {"latitude": "5001", "longitude": "1001", "timestamp": "2022-04-12T10-06-12"}, {"latitude": "5001", "longitude": "1001", "timestamp": "2022-04-12T10-06-17"}, {"latitude": "5001", "longitude": "1001", "timestamp": "2022-04-12T10-06-23"}, {"latitude": "5001", "longitude": "1001", "timestamp": "2022-04-12T10-06-28"}, {"latitude": "5001", "longitude": "1001", "timestamp": "2022-04-12T10-06-35"}, {"latitude": "5001", "longitude": "1001", "timestamp": "2022-04-12T10-06-39"}, {"latitude": "5001", "longitude": "1001", "timestamp": "2022-04-12T10-06-47"}, {"latitude": "5001", "longitude": "1001", "timestamp": "2022-04-12T10-06-49"}, {"latitude": "5001", "longitude": "1001", "timestamp": "2022-04-12T10-06-58"}, {"latitude": "5001", "longitude": "1001", "timestamp": "2022-04-12T10-07-00"}, {"latitude": "5001", "longitude": "1001", "timestamp": "2022-04-12T10-07-04"}, {"latitude": "5001", "longitude": "1001", "timestamp": "2022-04-12T10-07-09"}, {"latitude": "5001", "longitude": "1001", "timestamp": "2022-04-12T10-07-17"}, {"latitude": "5001", "longitude": "1001", "timestamp": "2022-04-12T10-07-21"}, {"latitude": "5001", "longitude": "1001", "timestamp": "2022-04-12T10-07-24"}, {"latitude": "5001", "longitude": "1001", "timestamp": "2022-04-12T10-07-30"}, {"latitude": "5001", "longitude": "1001", "timestamp": "2022-04-12T10-07-34"}, {"latitude": "5001", "longitude": "1001", "timestamp": "2022-04-12T10-07-39"}, {"latitude": "5001", "longitude": "1001", "timestamp": "2022-04-12T10-07-45"}, {"latitude": "5001", "longitude": "1001", "timestamp": "2022-04-12T10-07-48"}, {"latitude": "5001", "longitude": "1001", "timestamp": "2022-04-12T10-07-53"}, {"latitude": "5001", "longitude": "1001", "timestamp": "2022-04-12T10-07-59"}, {"latitude": "5001", "longitude": "1001", "timestamp": "2022-04-12T10-08-03"}, {"latitude": "5001", "longitude": "1001", "timestamp": "2022-04-12T10-08-09"}, {"latitude": "5001", "longitude": "1001", "timestamp": "2022-04-12T10-08-12"}, {"latitude": "5001", "longitude": "1001", "timestamp": "2022-04-12T10-08-18"}, {"latitude": "5001", "longitude": "1001", "timestamp": "2022-04-12T10-08-22"}, {"latitude": "5001", "longitude": "1001", "timestamp": "2022-04-12T10-08-26"}, {"latitude": "5002", "longitude": "1002", "timestamp": "2022-04-12T10-08-32"}, {"latitude": "5001", "longitude": "1001", "timestamp": "2022-04-12T10-08-32"}, {"latitude": "5002", "longitude": "1002", "timestamp": "2022-04-12T10-08-37"}, {"latitude": "5002", "longitude": "1002", "timestamp": "2022-04-12T10-08-42"}, {"latitude": "5002", "longitude": "1002", "timestamp": "2022-04-12T10-08-47"}, {"latitude": "5002", "longitude": "1002", "timestamp": "2022-04-12T10-08-52"}, {"latitude": "5002", "longitude": "1002", "timestamp": "2022-04-12T10-08-57"}, {"latitude": "5002", "longitude": "1002", "timestamp": "2022-04-12T10-09-02"}, {"latitude": "5002", "longitude": "1002", "timestamp": "2022-04-12T10-09-07"}, {"latitude": "5002", "longitude": "1002", "timestamp": "2022-04-12T10-09-12"}, {"latitude": "5002", "longitude": "1002", "timestamp": "2022-04-12T10-09-17"}, {"latitude": "5002", "longitude": "1002", "timestamp": "2022-04-12T10-09-22"}, {"latitude": "5002", "longitude": "1002", "timestamp": "2022-04-12T10-09-27"}, {"latitude": "5002", "longitude": "1002", "timestamp": "2022-04-12T10-09-32"}, {"latitude": "5002", "longitude": "1002", "timestamp": "2022-04-12T10-09-37"}, {"latitude": "5002", "longitude": "1002", "timestamp": "2022-04-12T10-09-42"}, {"latitude": "5002", "longitude": "1002", "timestamp": "2022-04-12T10-09-47"}, {"latitude": "5002", "longitude": "1002", "timestamp": "2022-04-12T10-09-52"}, {"latitude": "5002", "longitude": "1002", "timestamp": "2022-04-12T10-09-57"}, {"latitude": "5002", "longitude": "1002", "timestamp": "2022-04-12T10-10-02"}, {"latitude": "5002", "longitude": "1002", "timestamp": "2022-04-12T10-10-07"}, {"latitude": "5002", "longitude": "1002", "timestamp": "2022-04-12T10-10-12"}, {"latitude": "5002", "longitude": "1002", "timestamp": "2022-04-12T10-10-17"}, {"latitude": "5002", "longitude": "1002", "timestamp": "2022-04-12T10-10-22"}, {"latitude": "5002", "longitude": "1002", "timestamp": "2022-04-12T10-10-27"}, {"latitude": "5002", "longitude": "1002", "timestamp": "2022-04-12T10-10-32"}, {"latitude": "5002", "longitude": "1002", "timestamp": "2022-04-12T10-10-37"}, {"latitude": "5002", "longitude": "1002", "timestamp": "2022-04-12T10-10-42"}, {"latitude": "5002", "longitude": "1002", "timestamp": "2022-04-12T10-10-47"}, {"latitude": "5002", "longitude": "1002", "timestamp": "2022-04-12T10-10-52"}, {"latitude": "5002", "longitude": "1002", "timestamp": "2022-04-12T10-10-57"}, {"latitude": "5040", "longitude": "1040", "timestamp": "2022-04-12T10-13-33"}, {"latitude": "5040", "longitude": "1040", "timestamp": "2022-04-12T10-13-38"}, {"latitude": "5040", "longitude": "1040", "timestamp": "2022-04-12T10-13-43"}, {"latitude": "5040", "longitude": "1040", "timestamp": "2022-04-12T10-13-48"}, {"latitude": "5040", "longitude": "1040", "timestamp": "2022-04-12T10-13-53"}, {"latitude": "5040", "longitude": "1040", "timestamp": "2022-04-12T10-13-58"}, {"latitude": "5040", "longitude": "1040", "timestamp": "2022-04-12T10-14-03"}, {"latitude": "5040", "longitude": "1040", "timestamp": "2022-04-12T10-14-08"}, {"latitude": "5040", "longitude": "1040", "timestamp": "2022-04-12T10-14-13"}, {"latitude": "5040", "longitude": "1040", "timestamp": "2022-04-12T10-14-18"}, {"latitude": "5040", "longitude": "1040", "timestamp": "2022-04-12T10-14-23"}, {"latitude": "5040", "longitude": "1040", "timestamp": "2022-04-12T10-14-28"}, {"latitude": "5040", "longitude": "1040", "timestamp": "2022-04-12T10-14-33"}, {"latitude": "5040", "longitude": "1040", "timestamp": "2022-04-12T10-14-38"}, {"latitude": "5040", "longitude": "1040", "timestamp": "2022-04-12T10-14-43"}, {"latitude": "5040", "longitude": "1040", "timestamp": "2022-04-12T10-14-48"}, {"latitude": "5040", "longitude": "1040", "timestamp": "2022-04-12T10-14-53"}, {"latitude": "5040", "longitude": "1040", "timestamp": "2022-04-12T10-14-58"}, {"latitude": "5040", "longitude": "1040", "timestamp": "2022-04-12T10-15-03"}, {"latitude": "5040", "longitude": "1040", "timestamp": "2022-04-12T10-15-08"}, {"latitude": "5040", "longitude": "1040", "timestamp": "2022-04-12T10-15-13"}, {"latitude": "5040", "longitude": "1040", "timestamp": "2022-04-12T10-15-18"}, {"latitude": "5040", "longitude": "1040", "timestamp": "2022-04-12T10-15-23"}, {"latitude": "5040", "longitude": "1040", "timestamp": "2022-04-12T10-15-28"}, {"latitude": "5040", "longitude": "1040", "timestamp": "2022-04-12T10-15-33"}, {"latitude": "5040", "longitude": "1040", "timestamp": "2022-04-12T10-15-38"}, {"latitude": "5040", "longitude": "1040", "timestamp": "2022-04-12T10-15-43"}, {"latitude": "5040", "longitude": "1040", "timestamp": "2022-04-12T10-15-48"}, {"latitude": "5040", "longitude": "1040", "timestamp": "2022-04-12T10-15-53"}, {"latitude": "5040", "longitude": "1040", "timestamp": "2022-04-12T10-15-58"}, {"latitude": "5050", "longitude": "1050", "timestamp": "2022-04-12T10-16-18"}, {"latitude": "5050", "longitude": "1050", "timestamp": "2022-04-12T10-16-23"}, {"latitude": "5050", "longitude": "1050", "timestamp": "2022-04-12T10-16-28"}, {"latitude": "5050", "longitude": "1050", "timestamp": "2022-04-12T10-16-33"}, {"latitude": "5050", "longitude": "1050", "timestamp": "2022-04-12T10-16-38"}, {"latitude": "5050", "longitude": "1050", "timestamp": "2022-04-12T10-16-43"}, {"latitude": "5050", "longitude": "1050", "timestamp": "2022-04-12T10-16-48"}, {"latitude": "5050", "longitude": "1050", "timestamp": "2022-04-12T10-16-53"}, {"latitude": "5050", "longitude": "1050", "timestamp": "2022-04-12T10-16-59"}, {"latitude": "5050", "longitude": "1050", "timestamp": "2022-04-12T10-17-03"}, {"latitude": "5050", "longitude": "1050", "timestamp": "2022-04-12T10-17-08"}, {"latitude": "5050", "longitude": "1050", "timestamp": "2022-04-12T10-17-13"}, {"latitude": "5050", "longitude": "1050", "timestamp": "2022-04-12T10-17-18"}, {"latitude": "5050", "longitude": "1050", "timestamp": "2022-04-12T10-17-23"}, {"latitude": "5050", "longitude": "1050", "timestamp": "2022-04-12T10-17-28"}, {"latitude": "5050", "longitude": "1050", "timestamp": "2022-04-12T10-17-33"}, {"latitude": "5050", "longitude": "1050", "timestamp": "2022-04-12T10-17-38"}, {"latitude": "5050", "longitude": "1050", "timestamp": "2022-04-12T10-17-44"}, {"latitude": "5050", "longitude": "1050", "timestamp": "2022-04-12T10-17-48"}, {"latitude": "5050", "longitude": "1050", "timestamp": "2022-04-12T10-17-53"}, {"latitude": "5050", "longitude": "1050", "timestamp": "2022-04-12T10-17-58"}, {"latitude": "5050", "longitude": "1050", "timestamp": "2022-04-12T10-18-04"}, {"latitude": "5050", "longitude": "1050", "timestamp": "2022-04-12T10-18-07"}, {"latitude": "5050", "longitude": "1050", "timestamp": "2022-04-12T10-18-13"}, {"latitude": "5050", "longitude": "1050", "timestamp": "2022-04-12T10-18-18"}, {"latitude": "5050", "longitude": "1050", "timestamp": "2022-04-12T10-18-23"}, {"latitude": "5050", "longitude": "1050", "timestamp": "2022-04-12T10-18-29"}, {"latitude": "5050", "longitude": "1050", "timestamp": "2022-04-12T10-18-33"}]