[{"altitude": 0, "latitude": 0, "longitude": 0, "timestamp": 1649532359.750973}, {"altitude": "11", "latitude": "11", "longitude": "11", "timestamp": 1649532363.9047053}, {"altitude": "11", "latitude": "11", "longitude": "11", "timestamp": 1649532368.6041079}, {"altitude": "11", "latitude": "11", "longitude": "11", "timestamp": 1649532373.798272}, {"altitude": "11", "latitude": "11", "longitude": "11", "timestamp": 1649532377.9989426}, {"altitude": "11", "latitude": "11", "longitude": "11", "timestamp": 1649532382.9994674}, {"altitude": "11", "latitude": "11", "longitude": "11", "timestamp": 1649532388.0500185}, {"altitude": "11", "latitude": "11", "longitude": "11", "timestamp": 1649532392.698809}, {"altitude": "11", "latitude": "11", "longitude": "11", "timestamp": 1649532398.155318}, {"altitude": "11", "latitude": "11", "longitude": "11", "timestamp": 1649532402.700342}, {"altitude": "11", "latitude": "11", "longitude": "11", "timestamp": 1649532407.647972}, {"altitude": "11", "latitude": "11", "longitude": "11", "timestamp": 1649532413.3029969}, {"altitude": "11", "latitude": "11", "longitude": "11", "timestamp": 1649532418.2045949}, {"altitude": "11", "latitude": "11", "longitude": "11", "timestamp": 1649532422.4002302}, {"altitude": "11", "latitude": "11", "longitude": "11", "timestamp": 1649532427.6508965}, {"altitude": "11", "latitude": "11", "longitude": "11", "timestamp": 1649532433.1983085}, {"altitude": "11", "latitude": "11", "longitude": "11", "timestamp": 1649532438.4000137}, {"altitude": "11", "latitude": "11", "longitude": "11", "timestamp": 1649532443.1526484}, {"altitude": "11", "latitude": "11", "longitude": "11", "timestamp": 1649532447.9045818}, {"altitude": "11", "latitude": "11", "longitude": "11", "timestamp": 1649532452.8505692}, {"altitude": "11", "latitude": "11", "longitude": "11", "timestamp": 1649532458.1525545}, {"altitude": "11", "latitude": "11", "longitude": "11", "timestamp": 1649532462.6017654}, {"altitude": "11", "latitude": "11", "longitude": "11", "timestamp": 1649532468.147692}, {"altitude": "11", "latitude": "11", "longitude": "11", "timestamp": 1649532472.6047573}, {"altitude": "11", "latitude": "11", "longitude": "11", "timestamp": 1649532478.003141}, {"altitude": "11", "latitude": "11", "longitude": "11", "timestamp": 1649532483.008687}, {"altitude": "11", "latitude": "11", "longitude": "11", "timestamp": 1649532488.1477964}, {"altitude": "11", "latitude": "11", "longitude": "11", "timestamp": 1649532493.1994698}, {"altitude": "11", "latitude": "11", "longitude": "11", "timestamp": 1649532498.0479393}, {"altitude": "11", "latitude": "11", "longitude": "11", "timestamp": 1649532502.8508322}, {"altitude": "11", "latitude": "11", "longitude": "11", "timestamp": 1649532508.1562057}, {"altitude": "22", "latitude": "22", "longitude": "22", "timestamp": 1649532512.9988694}, {"altitude": "22", "latitude": "22", "longitude": "22", "timestamp": 1649532517.9992313}, {"altitude": "22", "latitude": "22", "longitude": "22", "timestamp": 1649532523.200341}, {"altitude": "22", "latitude": "22", "longitude": "22", "timestamp": 1649532527.8519754}, {"altitude": "22", "latitude": "22", "longitude": "22", "timestamp": 1649532533.3038077}, {"altitude": "22", "latitude": "22", "longitude": "22", "timestamp": 1649532537.5999224}, {"altitude": "22", "latitude": "22", "longitude": "22", "timestamp": 1649532542.9998963}, {"altitude": "22", "latitude": "22", "longitude": "22", "timestamp": 1649532548.4030008}, {"altitude": "22", "latitude": "22", "longitude": "22", "timestamp": 1649532553.2019818}, {"altitude": "22", "latitude": "22", "longitude": "22", "timestamp": 1649532558.2012062}, {"altitude": "22", "latitude": "22", "longitude": "22", "timestamp": 1649532563.4990313}, {"altitude": "22", "latitude": "22", "longitude": "22", "timestamp": 1649532568.1477325}, {"altitude": "22", "latitude": "22", "longitude": "22", "timestamp": 1649532573.248104}, {"altitude": "22", "latitude": "22", "longitude": "22", "timestamp": 1649532577.998065}, {"altitude": "22", "latitude": "22", "longitude": "22", "timestamp": 1649532583.1992888}, {"altitude": "22", "latitude": "22", "longitude": "22", "timestamp": 1649532588.0030916}, {"altitude": "22", "latitude": "22", "longitude": "22", "timestamp": 1649532593.2025084}, {"altitude": "22", "latitude": "22", "longitude": "22", "timestamp": 1649532598.2988708}, {"altitude": "22", "latitude": "22", "longitude": "22", "timestamp": 1649532603.7990692}, {"altitude": "22", "latitude": "22", "longitude": "22", "timestamp": 1649532607.900051}, {"altitude": "22", "latitude": "22", "longitude": "22", "timestamp": 1649532613.0530105}, {"altitude": "22", "latitude": "22", "longitude": "22", "timestamp": 1649532618.2984836}, {"altitude": "22", "latitude": "22", "longitude": "22", "timestamp": 1649532623.1047745}, {"altitude": "22", "latitude": "22", "longitude": "22", "timestamp": 1649532627.847557}, {"altitude": "22", "latitude": "22", "longitude": "22", "timestamp": 1649532633.1024737}, {"altitude": "22", "latitude": "22", "longitude": "22", "timestamp": 1649532638.0994408}, {"altitude": "22", "latitude": "22", "longitude": "22", "timestamp": 1649532642.7563925}, {"altitude": "22", "latitude": "22", "longitude": "22", "timestamp": 1649532648.2479954}, {"altitude": "22", "latitude": "22", "longitude": "22", "timestamp": 1649532653.2994945}, {"altitude": "22", "latitude": "22", "longitude": "22", "timestamp": 1649532658.5480757}, {"altitude": "44", "latitude": "44", "longitude": "44", "timestamp": 1649532814.2033737}, {"altitude": "44", "latitude": "44", "longitude": "44", "timestamp": 1649532818.9003265}, {"altitude": "44", "latitude": "44", "longitude": "44", "timestamp": 1649532823.902384}, {"altitude": "44", "latitude": "44", "longitude": "44", "timestamp": 1649532829.152109}, {"altitude": "44", "latitude": "44", "longitude": "44", "timestamp": 1649532834.1011932}, {"altitude": "44", "latitude": "44", "longitude": "44", "timestamp": 1649532839.0018053}, {"altitude": "44", "latitude": "44", "longitude": "44", "timestamp": 1649532844.1993458}, {"altitude": "44", "latitude": "44", "longitude": "44", "timestamp": 1649532849.299037}, {"altitude": "44", "latitude": "44", "longitude": "44", "timestamp": 1649532854.2481718}, {"altitude": "44", "latitude": "44", "longitude": "44", "timestamp": 1649532859.3980343}, {"altitude": "44", "latitude": "44", "longitude": "44", "timestamp": 1649532863.803772}, {"altitude": "44", "latitude": "44", "longitude": "44", "timestamp": 1649532869.2027643}, {"altitude": "44", "latitude": "44", "longitude": "44", "timestamp": 1649532874.6001604}, {"altitude": "44", "latitude": "44", "longitude": "44", "timestamp": 1649532878.6974823}, {"altitude": "44", "latitude": "44", "longitude": "44", "timestamp": 1649532883.999181}, {"altitude": "44", "latitude": "44", "longitude": "44", "timestamp": 1649532889.500437}, {"altitude": "44", "latitude": "44", "longitude": "44", "timestamp": 1649532894.247579}, {"altitude": "44", "latitude": "44", "longitude": "44", "timestamp": 1649532899.104377}, {"altitude": "44", "latitude": "44", "longitude": "44", "timestamp": 1649532904.449054}, {"altitude": "44", "latitude": "44", "longitude": "44", "timestamp": 1649532908.8982587}, {"altitude": "44", "latitude": "44", "longitude": "44", "timestamp": 1649532914.3993285}, {"altitude": "44", "latitude": "44", "longitude": "44", "timestamp": 1649532919.203984}, {"altitude": "44", "latitude": "44", "longitude": "44", "timestamp": 1649532924.3484395}, {"altitude": "44", "latitude": "44", "longitude": "44", "timestamp": 1649532928.5481362}, {"altitude": "44", "latitude": "44", "longitude": "44", "timestamp": 1649532935.0477414}, {"altitude": "44", "latitude": "44", "longitude": "44", "timestamp": 1649532939.8984988}, {"altitude": "44", "latitude": "44", "longitude": "44", "timestamp": 1649532945.5998263}, {"altitude": "44", "latitude": "44", "longitude": "44", "timestamp": 1649532950.749411}, {"altitude": "44", "latitude": "44", "longitude": "44", "timestamp": 1649532956.5013318}, {"altitude": "44", "latitude": "44", "longitude": "44", "timestamp": 1649532961.2559254}, {"altitude": "55", "latitude": "55", "longitude": "55", "timestamp": 1649532971.937338}, {"altitude": "55", "latitude": "55", "longitude": "55", "timestamp": 1649532976.947341}, {"altitude": "55", "latitude": "55", "longitude": "55", "timestamp": 1649532981.970316}, {"altitude": "55", "latitude": "55", "longitude": "55", "timestamp": 1649532986.965499}, {"altitude": "55", "latitude": "55", "longitude": "55", "timestamp": 1649532991.9793}, {"altitude": "55", "latitude": "55", "longitude": "55", "timestamp": 1649532996.986148}, {"altitude": "55", "latitude": "55", "longitude": "55", "timestamp": 1649533001.996338}, {"altitude": "55", "latitude": "55", "longitude": "55", "timestamp": 1649533007.019702}, {"altitude": "55", "latitude": "55", "longitude": "55", "timestamp": 1649533012.018917}, {"altitude": "55", "latitude": "55", "longitude": "55", "timestamp": 1649533017.029123}, {"altitude": "55", "latitude": "55", "longitude": "55", "timestamp": 1649533022.057414}, {"altitude": "55", "latitude": "55", "longitude": "55", "timestamp": 1649533027.046327}, {"altitude": "55", "latitude": "55", "longitude": "55", "timestamp": 1649533032.055418}, {"altitude": "55", "latitude": "55", "longitude": "55", "timestamp": 1649533037.063525}, {"altitude": "55", "latitude": "55", "longitude": "55", "timestamp": 1649533042.069185}, {"altitude": "55", "latitude": "55", "longitude": "55", "timestamp": 1649533047.083267}, {"altitude": "55", "latitude": "55", "longitude": "55", "timestamp": 1649533052.093962}, {"altitude": "55", "latitude": "55", "longitude": "55", "timestamp": 1649533057.10184}, {"altitude": "55", "latitude": "55", "longitude": "55", "timestamp": 1649533062.1106}, {"altitude": "55", "latitude": "55", "longitude": "55", "timestamp": 1649533067.115235}, {"altitude": "55", "latitude": "55", "longitude": "55", "timestamp": 1649533072.120307}, {"altitude": "55", "latitude": "55", "longitude": "55", "timestamp": 1649533077.132273}, {"altitude": "55", "latitude": "55", "longitude": "55", "timestamp": 1649533082.140931}, {"altitude": "55", "latitude": "55", "longitude": "55", "timestamp": 1649533087.149804}, {"altitude": "55", "latitude": "55", "longitude": "55", "timestamp": 1649533092.164565}, {"altitude": "55", "latitude": "55", "longitude": "55", "timestamp": 1649533097.174888}, {"altitude": "55", "latitude": "55", "longitude": "55", "timestamp": 1649533102.180425}, {"altitude": "55", "latitude": "55", "longitude": "55", "timestamp": 1649533107.201235}]