[{"altitude": 0, "latitude": 0, "longitude": 0, "timestamp": 1649238010.22015}, {"altitude": "11", "latitude": "11", "longitude": "11", "timestamp": 1649238013.864932}, {"altitude": "11", "latitude": "11", "longitude": "11", "timestamp": 1649238018.1157308}, {"altitude": "11", "latitude": "11", "longitude": "11", "timestamp": 1649238022.9164035}, {"altitude": "11", "latitude": "11", "longitude": "11", "timestamp": 1649238027.6711311}, {"altitude": "11", "latitude": "11", "longitude": "11", "timestamp": 1649238032.8150737}, {"altitude": "11", "latitude": "11", "longitude": "11", "timestamp": 1649238038.06357}, {"altitude": "11", "latitude": "11", "longitude": "11", "timestamp": 1649238043.2165878}, {"altitude": "11", "latitude": "11", "longitude": "11", "timestamp": 1649238049.070443}, {"altitude": "11", "latitude": "11", "longitude": "11", "timestamp": 1649238053.5155597}, {"altitude": "11", "latitude": "11", "longitude": "11", "timestamp": 1649238058.514536}, {"altitude": "11", "latitude": "11", "longitude": "11", "timestamp": 1649238063.7166557}, {"altitude": "11", "latitude": "11", "longitude": "11", "timestamp": 1649238067.814079}, {"altitude": "11", "latitude": "11", "longitude": "11", "timestamp": 1649238073.3155413}, {"altitude": "11", "latitude": "11", "longitude": "11", "timestamp": 1649238078.471364}, {"altitude": "11", "latitude": "11", "longitude": "11", "timestamp": 1649238082.0652037}, {"altitude": "11", "latitude": "11", "longitude": "11", "timestamp": 1649238087.6202347}, {"altitude": "11", "latitude": "11", "longitude": "11", "timestamp": 1649238092.7152286}, {"altitude": "11", "latitude": "11", "longitude": "11", "timestamp": 1649238098.6158357}, {"altitude": "11", "latitude": "11", "longitude": "11", "timestamp": 1649238103.616266}, {"altitude": "11", "latitude": "11", "longitude": "11", "timestamp": 1649238108.6657875}, {"altitude": "11", "latitude": "11", "longitude": "11", "timestamp": 1649238113.814239}, {"altitude": "11", "latitude": "11", "longitude": "11", "timestamp": 1649238118.1146638}, {"altitude": "11", "latitude": "11", "longitude": "11", "timestamp": 1649238122.919443}, {"altitude": "11", "latitude": "11", "longitude": "11", "timestamp": 1649238128.4138544}, {"altitude": "11", "latitude": "11", "longitude": "11", "timestamp": 1649238132.9149408}, {"altitude": "11", "latitude": "11", "longitude": "11", "timestamp": 1649238137.767515}, {"altitude": "11", "latitude": "11", "longitude": "11", "timestamp": 1649238142.0151577}, {"altitude": "11", "latitude": "11", "longitude": "11", "timestamp": 1649238148.164285}, {"altitude": "11", "latitude": "11", "longitude": "11", "timestamp": 1649238152.6141884}, {"altitude": "11", "latitude": "11", "longitude": "11", "timestamp": 1649238158.2168198}, {"altitude": "22", "latitude": "22", "longitude": "22", "timestamp": 1649238163.115393}, {"altitude": "22", "latitude": "22", "longitude": "22", "timestamp": 1649238168.216207}, {"altitude": "22", "latitude": "22", "longitude": "22", "timestamp": 1649238172.618877}, {"altitude": "22", "latitude": "22", "longitude": "22", "timestamp": 1649238177.7714794}, {"altitude": "22", "latitude": "22", "longitude": "22", "timestamp": 1649238182.9659007}, {"altitude": "22", "latitude": "22", "longitude": "22", "timestamp": 1649238188.9151373}, {"altitude": "22", "latitude": "22", "longitude": "22", "timestamp": 1649238192.516245}, {"altitude": "22", "latitude": "22", "longitude": "22", "timestamp": 1649238198.1150963}, {"altitude": "22", "latitude": "22", "longitude": "22", "timestamp": 1649238203.266516}, {"altitude": "22", "latitude": "22", "longitude": "22", "timestamp": 1649238208.066341}, {"altitude": "22", "latitude": "22", "longitude": "22", "timestamp": 1649238213.3678415}, {"altitude": "22", "latitude": "22", "longitude": "22", "timestamp": 1649238218.4143305}, {"altitude": "22", "latitude": "22", "longitude": "22", "timestamp": 1649238223.0720973}, {"altitude": "22", "latitude": "22", "longitude": "22", "timestamp": 1649238228.5225024}, {"altitude": "22", "latitude": "22", "longitude": "22", "timestamp": 1649238233.1150734}, {"altitude": "22", "latitude": "22", "longitude": "22", "timestamp": 1649238238.4673731}, {"altitude": "22", "latitude": "22", "longitude": "22", "timestamp": 1649238243.2174082}, {"altitude": "22", "latitude": "22", "longitude": "22", "timestamp": 1649238248.1635947}, {"altitude": "22", "latitude": "22", "longitude": "22", "timestamp": 1649238252.719708}, {"altitude": "22", "latitude": "22", "longitude": "22", "timestamp": 1649238258.168028}, {"altitude": "22", "latitude": "22", "longitude": "22", "timestamp": 1649238263.0153246}, {"altitude": "22", "latitude": "22", "longitude": "22", "timestamp": 1649238268.11806}, {"altitude": "22", "latitude": "22", "longitude": "22", "timestamp": 1649238273.364227}, {"altitude": "22", "latitude": "22", "longitude": "22", "timestamp": 1649238278.0661438}, {"altitude": "22", "latitude": "22", "longitude": "22", "timestamp": 1649238283.4159331}, {"altitude": "22", "latitude": "22", "longitude": "22", "timestamp": 1649238288.4142385}, {"altitude": "22", "latitude": "22", "longitude": "22", "timestamp": 1649238292.8242977}, {"altitude": "22", "latitude": "22", "longitude": "22", "timestamp": 1649238297.663849}, {"altitude": "22", "latitude": "22", "longitude": "22", "timestamp": 1649238303.615739}, {"altitude": "22", "latitude": "22", "longitude": "22", "timestamp": 1649238307.9652054}, {"altitude": "44", "latitude": "44", "longitude": "44", "timestamp": 1649238464.9143791}, {"altitude": "44", "latitude": "44", "longitude": "44", "timestamp": 1649238469.4144094}, {"altitude": "44", "latitude": "44", "longitude": "44", "timestamp": 1649238473.4154663}, {"altitude": "44", "latitude": "44", "longitude": "44", "timestamp": 1649238479.738652}, {"altitude": "44", "latitude": "44", "longitude": "44", "timestamp": 1649238484.6140385}, {"altitude": "44", "latitude": "44", "longitude": "44", "timestamp": 1649238489.6677473}, {"altitude": "44", "latitude": "44", "longitude": "44", "timestamp": 1649238494.5637426}, {"altitude": "44", "latitude": "44", "longitude": "44", "timestamp": 1649238499.5641482}, {"altitude": "44", "latitude": "44", "longitude": "44", "timestamp": 1649238504.5642695}, {"altitude": "44", "latitude": "44", "longitude": "44", "timestamp": 1649238509.065182}, {"altitude": "44", "latitude": "44", "longitude": "44", "timestamp": 1649238514.1707792}, {"altitude": "44", "latitude": "44", "longitude": "44", "timestamp": 1649238520.0207329}, {"altitude": "44", "latitude": "44", "longitude": "44", "timestamp": 1649238524.81503}, {"altitude": "44", "latitude": "44", "longitude": "44", "timestamp": 1649238529.165826}, {"altitude": "44", "latitude": "44", "longitude": "44", "timestamp": 1649238535.7653754}, {"altitude": "44", "latitude": "44", "longitude": "44", "timestamp": 1649238540.9171991}, {"altitude": "44", "latitude": "44", "longitude": "44", "timestamp": 1649238546.0648694}, {"altitude": "44", "latitude": "44", "longitude": "44", "timestamp": 1649238551.314902}, {"altitude": "44", "latitude": "44", "longitude": "44", "timestamp": 1649238555.7650518}, {"altitude": "44", "latitude": "44", "longitude": "44", "timestamp": 1649238560.5680556}, {"altitude": "44", "latitude": "44", "longitude": "44", "timestamp": 1649238565.866276}, {"altitude": "44", "latitude": "44", "longitude": "44", "timestamp": 1649238570.1201165}, {"altitude": "44", "latitude": "44", "longitude": "44", "timestamp": 1649238575.4154}, {"altitude": "44", "latitude": "44", "longitude": "44", "timestamp": 1649238580.4679582}, {"altitude": "44", "latitude": "44", "longitude": "44", "timestamp": 1649238585.9147117}, {"altitude": "44", "latitude": "44", "longitude": "44", "timestamp": 1649238590.8646924}, {"altitude": "44", "latitude": "44", "longitude": "44", "timestamp": 1649238595.914772}, {"altitude": "44", "latitude": "44", "longitude": "44", "timestamp": 1649238600.766453}, {"altitude": "44", "latitude": "44", "longitude": "44", "timestamp": 1649238606.426712}, {"altitude": "44", "latitude": "44", "longitude": "44", "timestamp": 1649238611.2662764}, {"altitude": "55", "latitude": "55", "longitude": "55", "timestamp": 1649238621.6710308}, {"altitude": "55", "latitude": "55", "longitude": "55", "timestamp": 1649238626.3144546}, {"altitude": "55", "latitude": "55", "longitude": "55", "timestamp": 1649238631.3402674}, {"altitude": "55", "latitude": "55", "longitude": "55", "timestamp": 1649238636.9642813}, {"altitude": "55", "latitude": "55", "longitude": "55", "timestamp": 1649238641.7193968}, {"altitude": "55", "latitude": "55", "longitude": "55", "timestamp": 1649238645.6155727}, {"altitude": "55", "latitude": "55", "longitude": "55", "timestamp": 1649238651.668018}, {"altitude": "55", "latitude": "55", "longitude": "55", "timestamp": 1649238659.0137577}, {"altitude": "55", "latitude": "55", "longitude": "55", "timestamp": 1649238662.0174134}, {"altitude": "55", "latitude": "55", "longitude": "55", "timestamp": 1649238667.9658146}, {"altitude": "55", "latitude": "55", "longitude": "55", "timestamp": 1649238672.9656475}, {"altitude": "55", "latitude": "55", "longitude": "55", "timestamp": 1649238678.2644064}, {"altitude": "55", "latitude": "55", "longitude": "55", "timestamp": 1649238683.0158796}, {"altitude": "55", "latitude": "55", "longitude": "55", "timestamp": 1649238686.7180831}, {"altitude": "55", "latitude": "55", "longitude": "55", "timestamp": 1649238691.5154135}, {"altitude": "55", "latitude": "55", "longitude": "55", "timestamp": 1649238696.9164302}, {"altitude": "55", "latitude": "55", "longitude": "55", "timestamp": 1649238701.5149393}, {"altitude": "55", "latitude": "55", "longitude": "55", "timestamp": 1649238706.2642448}, {"altitude": "55", "latitude": "55", "longitude": "55", "timestamp": 1649238712.2182508}, {"altitude": "55", "latitude": "55", "longitude": "55", "timestamp": 1649238716.9141717}, {"altitude": "55", "latitude": "55", "longitude": "55", "timestamp": 1649238721.8671608}, {"altitude": "55", "latitude": "55", "longitude": "55", "timestamp": 1649238726.714805}, {"altitude": "55", "latitude": "55", "longitude": "55", "timestamp": 1649238731.6674352}, {"altitude": "55", "latitude": "55", "longitude": "55", "timestamp": 1649238736.7750866}, {"altitude": "55", "latitude": "55", "longitude": "55", "timestamp": 1649238740.819456}, {"altitude": "55", "latitude": "55", "longitude": "55", "timestamp": 1649238746.617737}, {"altitude": "55", "latitude": "55", "longitude": "55", "timestamp": 1649238751.7638721}, {"altitude": "55", "latitude": "55", "longitude": "55", "timestamp": 1649238756.5683446}, {"altitude": "55", "latitude": "55", "longitude": "55", "timestamp": 1649238761.4681268}]