[{"altitude": 0, "latitude": 0, "longitude": 0, "timestamp": 1649238010.171104}, {"altitude": "11", "latitude": "11", "longitude": "11", "timestamp": 1649238014.6662872}, {"altitude": "11", "latitude": "11", "longitude": "11", "timestamp": 1649238018.6240892}, {"altitude": "11", "latitude": "11", "longitude": "11", "timestamp": 1649238023.015432}, {"altitude": "11", "latitude": "11", "longitude": "11", "timestamp": 1649238027.8150043}, {"altitude": "11", "latitude": "11", "longitude": "11", "timestamp": 1649238033.3179722}, {"altitude": "11", "latitude": "11", "longitude": "11", "timestamp": 1649238038.5147152}, {"altitude": "11", "latitude": "11", "longitude": "11", "timestamp": 1649238043.416402}, {"altitude": "11", "latitude": "11", "longitude": "11", "timestamp": 1649238049.120252}, {"altitude": "11", "latitude": "11", "longitude": "11", "timestamp": 1649238053.8190455}, {"altitude": "11", "latitude": "11", "longitude": "11", "timestamp": 1649238058.1172864}, {"altitude": "11", "latitude": "11", "longitude": "11", "timestamp": 1649238064.114778}, {"altitude": "11", "latitude": "11", "longitude": "11", "timestamp": 1649238068.4201021}, {"altitude": "11", "latitude": "11", "longitude": "11", "timestamp": 1649238073.765201}, {"altitude": "11", "latitude": "11", "longitude": "11", "timestamp": 1649238078.6187737}, {"altitude": "11", "latitude": "11", "longitude": "11", "timestamp": 1649238083.216035}, {"altitude": "11", "latitude": "11", "longitude": "11", "timestamp": 1649238088.5161214}, {"altitude": "11", "latitude": "11", "longitude": "11", "timestamp": 1649238093.8198752}, {"altitude": "11", "latitude": "11", "longitude": "11", "timestamp": 1649238100.0645168}, {"altitude": "11", "latitude": "11", "longitude": "11", "timestamp": 1649238104.4187782}, {"altitude": "11", "latitude": "11", "longitude": "11", "timestamp": 1649238109.616386}, {"altitude": "11", "latitude": "11", "longitude": "11", "timestamp": 1649238113.815131}, {"altitude": "11", "latitude": "11", "longitude": "11", "timestamp": 1649238118.2637923}, {"altitude": "11", "latitude": "11", "longitude": "11", "timestamp": 1649238123.5682392}, {"altitude": "11", "latitude": "11", "longitude": "11", "timestamp": 1649238128.2692308}, {"altitude": "11", "latitude": "11", "longitude": "11", "timestamp": 1649238133.7205086}, {"altitude": "11", "latitude": "11", "longitude": "11", "timestamp": 1649238138.6170986}, {"altitude": "11", "latitude": "11", "longitude": "11", "timestamp": 1649238143.3160436}, {"altitude": "11", "latitude": "11", "longitude": "11", "timestamp": 1649238147.765072}, {"altitude": "11", "latitude": "11", "longitude": "11", "timestamp": 1649238153.468241}, {"altitude": "11", "latitude": "11", "longitude": "11", "timestamp": 1649238158.2668767}, {"altitude": "22", "latitude": "22", "longitude": "22", "timestamp": 1649238163.113953}, {"altitude": "22", "latitude": "22", "longitude": "22", "timestamp": 1649238167.8653288}, {"altitude": "22", "latitude": "22", "longitude": "22", "timestamp": 1649238173.4677753}, {"altitude": "22", "latitude": "22", "longitude": "22", "timestamp": 1649238178.5157268}, {"altitude": "22", "latitude": "22", "longitude": "22", "timestamp": 1649238183.4167576}, {"altitude": "22", "latitude": "22", "longitude": "22", "timestamp": 1649238188.2139807}, {"altitude": "22", "latitude": "22", "longitude": "22", "timestamp": 1649238193.5174477}, {"altitude": "22", "latitude": "22", "longitude": "22", "timestamp": 1649238198.2149935}, {"altitude": "22", "latitude": "22", "longitude": "22", "timestamp": 1649238203.716221}, {"altitude": "22", "latitude": "22", "longitude": "22", "timestamp": 1649238208.2205942}, {"altitude": "22", "latitude": "22", "longitude": "22", "timestamp": 1649238213.9141843}, {"altitude": "22", "latitude": "22", "longitude": "22", "timestamp": 1649238218.218083}, {"altitude": "22", "latitude": "22", "longitude": "22", "timestamp": 1649238223.1159568}, {"altitude": "22", "latitude": "22", "longitude": "22", "timestamp": 1649238228.9164095}, {"altitude": "22", "latitude": "22", "longitude": "22", "timestamp": 1649238233.715594}, {"altitude": "22", "latitude": "22", "longitude": "22", "timestamp": 1649238238.315506}, {"altitude": "22", "latitude": "22", "longitude": "22", "timestamp": 1649238243.215518}, {"altitude": "22", "latitude": "22", "longitude": "22", "timestamp": 1649238248.9192328}, {"altitude": "22", "latitude": "22", "longitude": "22", "timestamp": 1649238253.4161196}, {"altitude": "22", "latitude": "22", "longitude": "22", "timestamp": 1649238257.9152772}, {"altitude": "22", "latitude": "22", "longitude": "22", "timestamp": 1649238263.31533}, {"altitude": "22", "latitude": "22", "longitude": "22", "timestamp": 1649238268.6164079}, {"altitude": "22", "latitude": "22", "longitude": "22", "timestamp": 1649238273.4637144}, {"altitude": "22", "latitude": "22", "longitude": "22", "timestamp": 1649238278.1799152}, {"altitude": "22", "latitude": "22", "longitude": "22", "timestamp": 1649238284.0150187}, {"altitude": "22", "latitude": "22", "longitude": "22", "timestamp": 1649238288.0210857}, {"altitude": "22", "latitude": "22", "longitude": "22", "timestamp": 1649238293.9153597}, {"altitude": "22", "latitude": "22", "longitude": "22", "timestamp": 1649238298.5664186}, {"altitude": "22", "latitude": "22", "longitude": "22", "timestamp": 1649238302.9164567}, {"altitude": "22", "latitude": "22", "longitude": "22", "timestamp": 1649238308.6644404}, {"altitude": "44", "latitude": "44", "longitude": "44", "timestamp": 1649238464.4162946}, {"altitude": "44", "latitude": "44", "longitude": "44", "timestamp": 1649238469.5136364}, {"altitude": "44", "latitude": "44", "longitude": "44", "timestamp": 1649238474.414689}, {"altitude": "44", "latitude": "44", "longitude": "44", "timestamp": 1649238479.668462}, {"altitude": "44", "latitude": "44", "longitude": "44", "timestamp": 1649238485.1161788}, {"altitude": "44", "latitude": "44", "longitude": "44", "timestamp": 1649238490.168242}, {"altitude": "44", "latitude": "44", "longitude": "44", "timestamp": 1649238494.7639637}, {"altitude": "44", "latitude": "44", "longitude": "44", "timestamp": 1649238499.767376}, {"altitude": "44", "latitude": "44", "longitude": "44", "timestamp": 1649238504.4149325}, {"altitude": "44", "latitude": "44", "longitude": "44", "timestamp": 1649238509.1149826}, {"altitude": "44", "latitude": "44", "longitude": "44", "timestamp": 1649238514.366653}, {"altitude": "44", "latitude": "44", "longitude": "44", "timestamp": 1649238519.9154904}, {"altitude": "44", "latitude": "44", "longitude": "44", "timestamp": 1649238524.716415}, {"altitude": "44", "latitude": "44", "longitude": "44", "timestamp": 1649238529.6195686}, {"altitude": "44", "latitude": "44", "longitude": "44", "timestamp": 1649238535.865712}, {"altitude": "44", "latitude": "44", "longitude": "44", "timestamp": 1649238541.7163787}, {"altitude": "44", "latitude": "44", "longitude": "44", "timestamp": 1649238545.7671626}, {"altitude": "44", "latitude": "44", "longitude": "44", "timestamp": 1649238551.6150715}, {"altitude": "44", "latitude": "44", "longitude": "44", "timestamp": 1649238557.0147014}, {"altitude": "44", "latitude": "44", "longitude": "44", "timestamp": 1649238561.566757}, {"altitude": "44", "latitude": "44", "longitude": "44", "timestamp": 1649238565.9147294}, {"altitude": "44", "latitude": "44", "longitude": "44", "timestamp": 1649238571.1679072}, {"altitude": "44", "latitude": "44", "longitude": "44", "timestamp": 1649238575.916258}, {"altitude": "44", "latitude": "44", "longitude": "44", "timestamp": 1649238580.814395}, {"altitude": "44", "latitude": "44", "longitude": "44", "timestamp": 1649238586.065031}, {"altitude": "44", "latitude": "44", "longitude": "44", "timestamp": 1649238592.3151965}, {"altitude": "44", "latitude": "44", "longitude": "44", "timestamp": 1649238596.7675762}, {"altitude": "44", "latitude": "44", "longitude": "44", "timestamp": 1649238601.1144671}, {"altitude": "44", "latitude": "44", "longitude": "44", "timestamp": 1649238606.1170852}, {"altitude": "44", "latitude": "44", "longitude": "44", "timestamp": 1649238612.065126}, {"altitude": "55", "latitude": "55", "longitude": "55", "timestamp": 1649238621.7159853}, {"altitude": "55", "latitude": "55", "longitude": "55", "timestamp": 1649238626.4164195}, {"altitude": "55", "latitude": "55", "longitude": "55", "timestamp": 1649238631.2142563}, {"altitude": "55", "latitude": "55", "longitude": "55", "timestamp": 1649238637.614792}, {"altitude": "55", "latitude": "55", "longitude": "55", "timestamp": 1649238641.9173722}, {"altitude": "55", "latitude": "55", "longitude": "55", "timestamp": 1649238647.1243658}, {"altitude": "55", "latitude": "55", "longitude": "55", "timestamp": 1649238652.8696864}, {"altitude": "55", "latitude": "55", "longitude": "55", "timestamp": 1649238658.5138702}, {"altitude": "55", "latitude": "55", "longitude": "55", "timestamp": 1649238663.367322}, {"altitude": "55", "latitude": "55", "longitude": "55", "timestamp": 1649238668.4642239}, {"altitude": "55", "latitude": "55", "longitude": "55", "timestamp": 1649238673.614991}, {"altitude": "55", "latitude": "55", "longitude": "55", "timestamp": 1649238678.2164629}, {"altitude": "55", "latitude": "55", "longitude": "55", "timestamp": 1649238682.7195914}, {"altitude": "55", "latitude": "55", "longitude": "55", "timestamp": 1649238687.3662472}, {"altitude": "55", "latitude": "55", "longitude": "55", "timestamp": 1649238692.4662178}, {"altitude": "55", "latitude": "55", "longitude": "55", "timestamp": 1649238696.669761}, {"altitude": "55", "latitude": "55", "longitude": "55", "timestamp": 1649238702.1665006}, {"altitude": "55", "latitude": "55", "longitude": "55", "timestamp": 1649238707.065073}, {"altitude": "55", "latitude": "55", "longitude": "55", "timestamp": 1649238711.914296}, {"altitude": "55", "latitude": "55", "longitude": "55", "timestamp": 1649238716.7669663}, {"altitude": "55", "latitude": "55", "longitude": "55", "timestamp": 1649238721.5654538}, {"altitude": "55", "latitude": "55", "longitude": "55", "timestamp": 1649238726.8714447}, {"altitude": "55", "latitude": "55", "longitude": "55", "timestamp": 1649238731.9138873}, {"altitude": "55", "latitude": "55", "longitude": "55", "timestamp": 1649238736.6660616}, {"altitude": "55", "latitude": "55", "longitude": "55", "timestamp": 1649238741.7664862}, {"altitude": "55", "latitude": "55", "longitude": "55", "timestamp": 1649238746.8644419}, {"altitude": "55", "latitude": "55", "longitude": "55", "timestamp": 1649238751.6185439}, {"altitude": "55", "latitude": "55", "longitude": "55", "timestamp": 1649238756.5155}, {"altitude": "55", "latitude": "55", "longitude": "55", "timestamp": 1649238762.072307}]