[{"altitude": 0, "latitude": 0, "longitude": 0, "timestamp": 1649532359.511515}, {"altitude": "11", "latitude": "11", "longitude": "11", "timestamp": 1649532363.8526733}, {"altitude": "11", "latitude": "11", "longitude": "11", "timestamp": 1649532368.4989274}, {"altitude": "11", "latitude": "11", "longitude": "11", "timestamp": 1649532373.4494653}, {"altitude": "11", "latitude": "11", "longitude": "11", "timestamp": 1649532377.8485553}, {"altitude": "11", "latitude": "11", "longitude": "11", "timestamp": 1649532382.6982267}, {"altitude": "11", "latitude": "11", "longitude": "11", "timestamp": 1649532386.9980152}, {"altitude": "11", "latitude": "11", "longitude": "11", "timestamp": 1649532392.6483066}, {"altitude": "11", "latitude": "11", "longitude": "11", "timestamp": 1649532397.4507065}, {"altitude": "11", "latitude": "11", "longitude": "11", "timestamp": 1649532403.0001485}, {"altitude": "11", "latitude": "11", "longitude": "11", "timestamp": 1649532407.8982613}, {"altitude": "11", "latitude": "11", "longitude": "11", "timestamp": 1649532412.5990849}, {"altitude": "11", "latitude": "11", "longitude": "11", "timestamp": 1649532418.0018463}, {"altitude": "11", "latitude": "11", "longitude": "11", "timestamp": 1649532423.098033}, {"altitude": "11", "latitude": "11", "longitude": "11", "timestamp": 1649532427.9994109}, {"altitude": "11", "latitude": "11", "longitude": "11", "timestamp": 1649532432.3486187}, {"altitude": "11", "latitude": "11", "longitude": "11", "timestamp": 1649532437.997837}, {"altitude": "11", "latitude": "11", "longitude": "11", "timestamp": 1649532442.5988169}, {"altitude": "11", "latitude": "11", "longitude": "11", "timestamp": 1649532448.0975802}, {"altitude": "11", "latitude": "11", "longitude": "11", "timestamp": 1649532452.9487207}, {"altitude": "11", "latitude": "11", "longitude": "11", "timestamp": 1649532458.2984898}, {"altitude": "11", "latitude": "11", "longitude": "11", "timestamp": 1649532462.9988706}, {"altitude": "11", "latitude": "11", "longitude": "11", "timestamp": 1649532468.1000297}, {"altitude": "11", "latitude": "11", "longitude": "11", "timestamp": 1649532473.251866}, {"altitude": "11", "latitude": "11", "longitude": "11", "timestamp": 1649532478.2491245}, {"altitude": "11", "latitude": "11", "longitude": "11", "timestamp": 1649532482.897626}, {"altitude": "11", "latitude": "11", "longitude": "11", "timestamp": 1649532487.9076295}, {"altitude": "11", "latitude": "11", "longitude": "11", "timestamp": 1649532492.850755}, {"altitude": "11", "latitude": "11", "longitude": "11", "timestamp": 1649532497.902447}, {"altitude": "11", "latitude": "11", "longitude": "11", "timestamp": 1649532502.899408}, {"altitude": "11", "latitude": "11", "longitude": "11", "timestamp": 1649532508.599951}, {"altitude": "22", "latitude": "22", "longitude": "22", "timestamp": 1649532509.418961}, {"altitude": "22", "latitude": "22", "longitude": "22", "timestamp": 1649532514.446002}, {"altitude": "22", "latitude": "22", "longitude": "22", "timestamp": 1649532519.449724}, {"altitude": "22", "latitude": "22", "longitude": "22", "timestamp": 1649532524.464648}, {"altitude": "22", "latitude": "22", "longitude": "22", "timestamp": 1649532529.460093}, {"altitude": "22", "latitude": "22", "longitude": "22", "timestamp": 1649532534.473935}, {"altitude": "22", "latitude": "22", "longitude": "22", "timestamp": 1649532539.48025}, {"altitude": "22", "latitude": "22", "longitude": "22", "timestamp": 1649532544.492085}, {"altitude": "22", "latitude": "22", "longitude": "22", "timestamp": 1649532549.493347}, {"altitude": "22", "latitude": "22", "longitude": "22", "timestamp": 1649532554.52278}, {"altitude": "22", "latitude": "22", "longitude": "22", "timestamp": 1649532559.515201}, {"altitude": "22", "latitude": "22", "longitude": "22", "timestamp": 1649532564.521644}, {"altitude": "22", "latitude": "22", "longitude": "22", "timestamp": 1649532569.526758}, {"altitude": "22", "latitude": "22", "longitude": "22", "timestamp": 1649532574.545428}, {"altitude": "22", "latitude": "22", "longitude": "22", "timestamp": 1649532579.56498}, {"altitude": "22", "latitude": "22", "longitude": "22", "timestamp": 1649532584.563625}, {"altitude": "22", "latitude": "22", "longitude": "22", "timestamp": 1649532589.567182}, {"altitude": "22", "latitude": "22", "longitude": "22", "timestamp": 1649532594.581067}, {"altitude": "22", "latitude": "22", "longitude": "22", "timestamp": 1649532599.595777}, {"altitude": "22", "latitude": "22", "longitude": "22", "timestamp": 1649532604.609495}, {"altitude": "22", "latitude": "22", "longitude": "22", "timestamp": 1649532609.613196}, {"altitude": "22", "latitude": "22", "longitude": "22", "timestamp": 1649532614.620258}, {"altitude": "22", "latitude": "22", "longitude": "22", "timestamp": 1649532619.631762}, {"altitude": "22", "latitude": "22", "longitude": "22", "timestamp": 1649532624.635698}, {"altitude": "22", "latitude": "22", "longitude": "22", "timestamp": 1649532629.655698}, {"altitude": "22", "latitude": "22", "longitude": "22", "timestamp": 1649532634.661964}, {"altitude": "22", "latitude": "22", "longitude": "22", "timestamp": 1649532639.675616}, {"altitude": "22", "latitude": "22", "longitude": "22", "timestamp": 1649532644.690873}, {"altitude": "22", "latitude": "22", "longitude": "22", "timestamp": 1649532649.690978}, {"altitude": "22", "latitude": "22", "longitude": "22", "timestamp": 1649532654.705453}, {"altitude": "44", "latitude": "44", "longitude": "44", "timestamp": 1649532810.355218}, {"altitude": "44", "latitude": "44", "longitude": "44", "timestamp": 1649532815.35831}, {"altitude": "44", "latitude": "44", "longitude": "44", "timestamp": 1649532820.399621}, {"altitude": "44", "latitude": "44", "longitude": "44", "timestamp": 1649532825.401086}, {"altitude": "44", "latitude": "44", "longitude": "44", "timestamp": 1649532830.356654}, {"altitude": "44", "latitude": "44", "longitude": "44", "timestamp": 1649532835.35887}, {"altitude": "44", "latitude": "44", "longitude": "44", "timestamp": 1649532840.406664}, {"altitude": "44", "latitude": "44", "longitude": "44", "timestamp": 1649532845.353115}, {"altitude": "44", "latitude": "44", "longitude": "44", "timestamp": 1649532850.454716}, {"altitude": "44", "latitude": "44", "longitude": "44", "timestamp": 1649532855.453536}, {"altitude": "44", "latitude": "44", "longitude": "44", "timestamp": 1649532860.501431}, {"altitude": "44", "latitude": "44", "longitude": "44", "timestamp": 1649532865.508157}, {"altitude": "44", "latitude": "44", "longitude": "44", "timestamp": 1649532870.50446}, {"altitude": "44", "latitude": "44", "longitude": "44", "timestamp": 1649532875.553537}, {"altitude": "44", "latitude": "44", "longitude": "44", "timestamp": 1649532880.455974}, {"altitude": "44", "latitude": "44", "longitude": "44", "timestamp": 1649532885.506891}, {"altitude": "44", "latitude": "44", "longitude": "44", "timestamp": 1649532890.603014}, {"altitude": "44", "latitude": "44", "longitude": "44", "timestamp": 1649532895.547995}, {"altitude": "44", "latitude": "44", "longitude": "44", "timestamp": 1649532900.654042}, {"altitude": "44", "latitude": "44", "longitude": "44", "timestamp": 1649532905.549407}, {"altitude": "44", "latitude": "44", "longitude": "44", "timestamp": 1649532910.504459}, {"altitude": "44", "latitude": "44", "longitude": "44", "timestamp": 1649532915.599578}, {"altitude": "44", "latitude": "44", "longitude": "44", "timestamp": 1649532920.648644}, {"altitude": "44", "latitude": "44", "longitude": "44", "timestamp": 1649532925.555705}, {"altitude": "44", "latitude": "44", "longitude": "44", "timestamp": 1649532930.707323}, {"altitude": "44", "latitude": "44", "longitude": "44", "timestamp": 1649532935.908612}, {"altitude": "44", "latitude": "44", "longitude": "44", "timestamp": 1649532941.002741}, {"altitude": "44", "latitude": "44", "longitude": "44", "timestamp": 1649532945.811802}, {"altitude": "44", "latitude": "44", "longitude": "44", "timestamp": 1649532950.702049}, {"altitude": "44", "latitude": "44", "longitude": "44", "timestamp": 1649532955.851065}, {"altitude": "55", "latitude": "55", "longitude": "55", "timestamp": 1649532975.6990876}, {"altitude": "55", "latitude": "55", "longitude": "55", "timestamp": 1649532980.898229}, {"altitude": "55", "latitude": "55", "longitude": "55", "timestamp": 1649532985.8595076}, {"altitude": "55", "latitude": "55", "longitude": "55", "timestamp": 1649532990.7983897}, {"altitude": "55", "latitude": "55", "longitude": "55", "timestamp": 1649532995.7023606}, {"altitude": "55", "latitude": "55", "longitude": "55", "timestamp": 1649533000.452263}, {"altitude": "55", "latitude": "55", "longitude": "55", "timestamp": 1649533005.5493882}, {"altitude": "55", "latitude": "55", "longitude": "55", "timestamp": 1649533010.8994029}, {"altitude": "55", "latitude": "55", "longitude": "55", "timestamp": 1649533015.7486567}, {"altitude": "55", "latitude": "55", "longitude": "55", "timestamp": 1649533020.9559355}, {"altitude": "55", "latitude": "55", "longitude": "55", "timestamp": 1649533025.7519882}, {"altitude": "55", "latitude": "55", "longitude": "55", "timestamp": 1649533030.897715}, {"altitude": "55", "latitude": "55", "longitude": "55", "timestamp": 1649533035.7994025}, {"altitude": "55", "latitude": "55", "longitude": "55", "timestamp": 1649533040.8506346}, {"altitude": "55", "latitude": "55", "longitude": "55", "timestamp": 1649533045.9485211}, {"altitude": "55", "latitude": "55", "longitude": "55", "timestamp": 1649533050.851617}, {"altitude": "55", "latitude": "55", "longitude": "55", "timestamp": 1649533055.7999473}, {"altitude": "55", "latitude": "55", "longitude": "55", "timestamp": 1649533060.0481794}, {"altitude": "55", "latitude": "55", "longitude": "55", "timestamp": 1649533065.8535655}, {"altitude": "55", "latitude": "55", "longitude": "55", "timestamp": 1649533070.9991748}, {"altitude": "55", "latitude": "55", "longitude": "55", "timestamp": 1649533075.7992775}, {"altitude": "55", "latitude": "55", "longitude": "55", "timestamp": 1649533080.9025393}, {"altitude": "55", "latitude": "55", "longitude": "55", "timestamp": 1649533085.9981253}, {"altitude": "55", "latitude": "55", "longitude": "55", "timestamp": 1649533090.9031112}, {"altitude": "55", "latitude": "55", "longitude": "55", "timestamp": 1649533095.8542902}, {"altitude": "55", "latitude": "55", "longitude": "55", "timestamp": 1649533100.698269}, {"altitude": "55", "latitude": "55", "longitude": "55", "timestamp": 1649533105.7476423}, {"altitude": "55", "latitude": "55", "longitude": "55", "timestamp": 1649533111.0485797}]