[{"altitude": 0, "latitude": 0, "longitude": 0, "timestamp": 1649238010.265991}, {"altitude": "11", "latitude": "11", "longitude": "11", "timestamp": 1649238014.0673485}, {"altitude": "11", "latitude": "11", "longitude": "11", "timestamp": 1649238017.9657185}, {"altitude": "11", "latitude": "11", "longitude": "11", "timestamp": 1649238022.0157123}, {"altitude": "11", "latitude": "11", "longitude": "11", "timestamp": 1649238027.7662592}, {"altitude": "11", "latitude": "11", "longitude": "11", "timestamp": 1649238033.11521}, {"altitude": "11", "latitude": "11", "longitude": "11", "timestamp": 1649238037.4182754}, {"altitude": "11", "latitude": "11", "longitude": "11", "timestamp": 1649238043.115586}, {"altitude": "11", "latitude": "11", "longitude": "11", "timestamp": 1649238048.3156824}, {"altitude": "11", "latitude": "11", "longitude": "11", "timestamp": 1649238053.3164136}, {"altitude": "11", "latitude": "11", "longitude": "11", "timestamp": 1649238058.1165295}, {"altitude": "11", "latitude": "11", "longitude": "11", "timestamp": 1649238063.614109}, {"altitude": "11", "latitude": "11", "longitude": "11", "timestamp": 1649238068.3176312}, {"altitude": "11", "latitude": "11", "longitude": "11", "timestamp": 1649238073.2154384}, {"altitude": "11", "latitude": "11", "longitude": "11", "timestamp": 1649238078.4171848}, {"altitude": "11", "latitude": "11", "longitude": "11", "timestamp": 1649238083.0146322}, {"altitude": "11", "latitude": "11", "longitude": "11", "timestamp": 1649238088.26656}, {"altitude": "11", "latitude": "11", "longitude": "11", "timestamp": 1649238093.8680813}, {"altitude": "11", "latitude": "11", "longitude": "11", "timestamp": 1649238099.0146475}, {"altitude": "11", "latitude": "11", "longitude": "11", "timestamp": 1649238104.167759}, {"altitude": "11", "latitude": "11", "longitude": "11", "timestamp": 1649238108.8145814}, {"altitude": "11", "latitude": "11", "longitude": "11", "timestamp": 1649238112.9158697}, {"altitude": "11", "latitude": "11", "longitude": "11", "timestamp": 1649238117.620428}, {"altitude": "11", "latitude": "11", "longitude": "11", "timestamp": 1649238123.3178246}, {"altitude": "11", "latitude": "11", "longitude": "11", "timestamp": 1649238128.1659372}, {"altitude": "11", "latitude": "11", "longitude": "11", "timestamp": 1649238132.7154484}, {"altitude": "11", "latitude": "11", "longitude": "11", "timestamp": 1649238138.371435}, {"altitude": "11", "latitude": "11", "longitude": "11", "timestamp": 1649238143.218182}, {"altitude": "11", "latitude": "11", "longitude": "11", "timestamp": 1649238148.6671412}, {"altitude": "11", "latitude": "11", "longitude": "11", "timestamp": 1649238152.7152746}, {"altitude": "11", "latitude": "11", "longitude": "11", "timestamp": 1649238158.0663407}, {"altitude": "22", "latitude": "22", "longitude": "22", "timestamp": 1649238162.7641861}, {"altitude": "22", "latitude": "22", "longitude": "22", "timestamp": 1649238167.815267}, {"altitude": "22", "latitude": "22", "longitude": "22", "timestamp": 1649238173.4152906}, {"altitude": "22", "latitude": "22", "longitude": "22", "timestamp": 1649238177.964173}, {"altitude": "22", "latitude": "22", "longitude": "22", "timestamp": 1649238183.8164582}, {"altitude": "22", "latitude": "22", "longitude": "22", "timestamp": 1649238188.6660216}, {"altitude": "22", "latitude": "22", "longitude": "22", "timestamp": 1649238193.4172623}, {"altitude": "22", "latitude": "22", "longitude": "22", "timestamp": 1649238197.8673308}, {"altitude": "22", "latitude": "22", "longitude": "22", "timestamp": 1649238203.3657985}, {"altitude": "22", "latitude": "22", "longitude": "22", "timestamp": 1649238208.3137856}, {"altitude": "22", "latitude": "22", "longitude": "22", "timestamp": 1649238213.215829}, {"altitude": "22", "latitude": "22", "longitude": "22", "timestamp": 1649238218.3144834}, {"altitude": "22", "latitude": "22", "longitude": "22", "timestamp": 1649238223.1164782}, {"altitude": "22", "latitude": "22", "longitude": "22", "timestamp": 1649238228.0643759}, {"altitude": "22", "latitude": "22", "longitude": "22", "timestamp": 1649238233.363922}, {"altitude": "22", "latitude": "22", "longitude": "22", "timestamp": 1649238238.2151775}, {"altitude": "22", "latitude": "22", "longitude": "22", "timestamp": 1649238242.9156415}, {"altitude": "22", "latitude": "22", "longitude": "22", "timestamp": 1649238247.916298}, {"altitude": "22", "latitude": "22", "longitude": "22", "timestamp": 1649238253.5144706}, {"altitude": "22", "latitude": "22", "longitude": "22", "timestamp": 1649238258.6697838}, {"altitude": "22", "latitude": "22", "longitude": "22", "timestamp": 1649238263.0723934}, {"altitude": "22", "latitude": "22", "longitude": "22", "timestamp": 1649238268.6164718}, {"altitude": "22", "latitude": "22", "longitude": "22", "timestamp": 1649238273.217488}, {"altitude": "22", "latitude": "22", "longitude": "22", "timestamp": 1649238278.3641655}, {"altitude": "22", "latitude": "22", "longitude": "22", "timestamp": 1649238283.1150985}, {"altitude": "22", "latitude": "22", "longitude": "22", "timestamp": 1649238288.171187}, {"altitude": "22", "latitude": "22", "longitude": "22", "timestamp": 1649238293.115405}, {"altitude": "22", "latitude": "22", "longitude": "22", "timestamp": 1649238298.7222784}, {"altitude": "22", "latitude": "22", "longitude": "22", "timestamp": 1649238303.6285172}, {"altitude": "22", "latitude": "22", "longitude": "22", "timestamp": 1649238308.763952}, {"altitude": "44", "latitude": "44", "longitude": "44", "timestamp": 1649238463.815159}, {"altitude": "44", "latitude": "44", "longitude": "44", "timestamp": 1649238469.171913}, {"altitude": "44", "latitude": "44", "longitude": "44", "timestamp": 1649238474.574995}, {"altitude": "44", "latitude": "44", "longitude": "44", "timestamp": 1649238479.416012}, {"altitude": "44", "latitude": "44", "longitude": "44", "timestamp": 1649238484.4143898}, {"altitude": "44", "latitude": "44", "longitude": "44", "timestamp": 1649238489.914954}, {"altitude": "44", "latitude": "44", "longitude": "44", "timestamp": 1649238494.4683104}, {"altitude": "44", "latitude": "44", "longitude": "44", "timestamp": 1649238499.417707}, {"altitude": "44", "latitude": "44", "longitude": "44", "timestamp": 1649238504.6203089}, {"altitude": "44", "latitude": "44", "longitude": "44", "timestamp": 1649238509.668525}, {"altitude": "44", "latitude": "44", "longitude": "44", "timestamp": 1649238514.4146411}, {"altitude": "44", "latitude": "44", "longitude": "44", "timestamp": 1649238519.6165142}, {"altitude": "44", "latitude": "44", "longitude": "44", "timestamp": 1649238523.9698906}, {"altitude": "44", "latitude": "44", "longitude": "44", "timestamp": 1649238529.9135954}, {"altitude": "44", "latitude": "44", "longitude": "44", "timestamp": 1649238535.0147774}, {"altitude": "44", "latitude": "44", "longitude": "44", "timestamp": 1649238541.2138467}, {"altitude": "44", "latitude": "44", "longitude": "44", "timestamp": 1649238546.6708496}, {"altitude": "44", "latitude": "44", "longitude": "44", "timestamp": 1649238551.0640705}, {"altitude": "44", "latitude": "44", "longitude": "44", "timestamp": 1649238556.2171812}, {"altitude": "44", "latitude": "44", "longitude": "44", "timestamp": 1649238561.6706133}, {"altitude": "44", "latitude": "44", "longitude": "44", "timestamp": 1649238565.6176448}, {"altitude": "44", "latitude": "44", "longitude": "44", "timestamp": 1649238570.2154372}, {"altitude": "44", "latitude": "44", "longitude": "44", "timestamp": 1649238575.8159504}, {"altitude": "44", "latitude": "44", "longitude": "44", "timestamp": 1649238581.5174236}, {"altitude": "44", "latitude": "44", "longitude": "44", "timestamp": 1649238586.719814}, {"altitude": "44", "latitude": "44", "longitude": "44", "timestamp": 1649238591.0781648}, {"altitude": "44", "latitude": "44", "longitude": "44", "timestamp": 1649238595.9171963}, {"altitude": "44", "latitude": "44", "longitude": "44", "timestamp": 1649238600.6673682}, {"altitude": "44", "latitude": "44", "longitude": "44", "timestamp": 1649238605.6717665}, {"altitude": "44", "latitude": "44", "longitude": "44", "timestamp": 1649238611.4656594}, {"altitude": "55", "latitude": "55", "longitude": "55", "timestamp": 1649238617.727102}, {"altitude": "55", "latitude": "55", "longitude": "55", "timestamp": 1649238622.742528}, {"altitude": "55", "latitude": "55", "longitude": "55", "timestamp": 1649238627.737956}, {"altitude": "55", "latitude": "55", "longitude": "55", "timestamp": 1649238632.743036}, {"altitude": "55", "latitude": "55", "longitude": "55", "timestamp": 1649238637.799584}, {"altitude": "55", "latitude": "55", "longitude": "55", "timestamp": 1649238642.784937}, {"altitude": "55", "latitude": "55", "longitude": "55", "timestamp": 1649238647.82951}, {"altitude": "55", "latitude": "55", "longitude": "55", "timestamp": 1649238652.829712}, {"altitude": "55", "latitude": "55", "longitude": "55", "timestamp": 1649238657.806155}, {"altitude": "55", "latitude": "55", "longitude": "55", "timestamp": 1649238662.821035}, {"altitude": "55", "latitude": "55", "longitude": "55", "timestamp": 1649238667.82355}, {"altitude": "55", "latitude": "55", "longitude": "55", "timestamp": 1649238672.83664}, {"altitude": "55", "latitude": "55", "longitude": "55", "timestamp": 1649238677.850063}, {"altitude": "55", "latitude": "55", "longitude": "55", "timestamp": 1649238682.860182}, {"altitude": "55", "latitude": "55", "longitude": "55", "timestamp": 1649238687.884344}, {"altitude": "55", "latitude": "55", "longitude": "55", "timestamp": 1649238692.894422}, {"altitude": "55", "latitude": "55", "longitude": "55", "timestamp": 1649238697.897316}, {"altitude": "55", "latitude": "55", "longitude": "55", "timestamp": 1649238702.913273}, {"altitude": "55", "latitude": "55", "longitude": "55", "timestamp": 1649238707.910653}, {"altitude": "55", "latitude": "55", "longitude": "55", "timestamp": 1649238712.93076}, {"altitude": "55", "latitude": "55", "longitude": "55", "timestamp": 1649238717.937346}, {"altitude": "55", "latitude": "55", "longitude": "55", "timestamp": 1649238722.93773}, {"altitude": "55", "latitude": "55", "longitude": "55", "timestamp": 1649238727.952715}, {"altitude": "55", "latitude": "55", "longitude": "55", "timestamp": 1649238732.957727}, {"altitude": "55", "latitude": "55", "longitude": "55", "timestamp": 1649238737.971798}, {"altitude": "55", "latitude": "55", "longitude": "55", "timestamp": 1649238742.987978}, {"altitude": "55", "latitude": "55", "longitude": "55", "timestamp": 1649238747.983171}, {"altitude": "55", "latitude": "55", "longitude": "55", "timestamp": 1649238753.003465}, {"altitude": "55", "latitude": "55", "longitude": "55", "timestamp": 1649238758.009318}]