[{"altitude": 0, "latitude": 0, "longitude": 0, "timestamp": 1649532359.453283}, {"altitude": "11", "latitude": "11", "longitude": "11", "timestamp": 1649532359.125099}, {"altitude": "11", "latitude": "11", "longitude": "11", "timestamp": 1649532364.14756}, {"altitude": "11", "latitude": "11", "longitude": "11", "timestamp": 1649532369.147618}, {"altitude": "11", "latitude": "11", "longitude": "11", "timestamp": 1649532374.169602}, {"altitude": "11", "latitude": "11", "longitude": "11", "timestamp": 1649532379.163568}, {"altitude": "11", "latitude": "11", "longitude": "11", "timestamp": 1649532384.172292}, {"altitude": "11", "latitude": "11", "longitude": "11", "timestamp": 1649532389.18374}, {"altitude": "11", "latitude": "11", "longitude": "11", "timestamp": 1649532394.200153}, {"altitude": "11", "latitude": "11", "longitude": "11", "timestamp": 1649532399.211641}, {"altitude": "11", "latitude": "11", "longitude": "11", "timestamp": 1649532404.212021}, {"altitude": "11", "latitude": "11", "longitude": "11", "timestamp": 1649532409.22157}, {"altitude": "11", "latitude": "11", "longitude": "11", "timestamp": 1649532414.228226}, {"altitude": "11", "latitude": "11", "longitude": "11", "timestamp": 1649532419.235185}, {"altitude": "11", "latitude": "11", "longitude": "11", "timestamp": 1649532424.255078}, {"altitude": "11", "latitude": "11", "longitude": "11", "timestamp": 1649532429.269173}, {"altitude": "11", "latitude": "11", "longitude": "11", "timestamp": 1649532434.272343}, {"altitude": "11", "latitude": "11", "longitude": "11", "timestamp": 1649532439.279065}, {"altitude": "11", "latitude": "11", "longitude": "11", "timestamp": 1649532444.289105}, {"altitude": "11", "latitude": "11", "longitude": "11", "timestamp": 1649532449.300059}, {"altitude": "11", "latitude": "11", "longitude": "11", "timestamp": 1649532454.317311}, {"altitude": "11", "latitude": "11", "longitude": "11", "timestamp": 1649532459.317345}, {"altitude": "11", "latitude": "11", "longitude": "11", "timestamp": 1649532464.344476}, {"altitude": "11", "latitude": "11", "longitude": "11", "timestamp": 1649532469.346406}, {"altitude": "11", "latitude": "11", "longitude": "11", "timestamp": 1649532474.34949}, {"altitude": "11", "latitude": "11", "longitude": "11", "timestamp": 1649532479.354073}, {"altitude": "11", "latitude": "11", "longitude": "11", "timestamp": 1649532484.369633}, {"altitude": "11", "latitude": "11", "longitude": "11", "timestamp": 1649532489.389449}, {"altitude": "11", "latitude": "11", "longitude": "11", "timestamp": 1649532494.391831}, {"altitude": "11", "latitude": "11", "longitude": "11", "timestamp": 1649532499.395702}, {"altitude": "11", "latitude": "11", "longitude": "11", "timestamp": 1649532504.414427}, {"altitude": "22", "latitude": "22", "longitude": "22", "timestamp": 1649532513.6991372}, {"altitude": "22", "latitude": "22", "longitude": "22", "timestamp": 1649532518.2060866}, {"altitude": "22", "latitude": "22", "longitude": "22", "timestamp": 1649532523.5491085}, {"altitude": "22", "latitude": "22", "longitude": "22", "timestamp": 1649532527.9991107}, {"altitude": "22", "latitude": "22", "longitude": "22", "timestamp": 1649532533.2030516}, {"altitude": "22", "latitude": "22", "longitude": "22", "timestamp": 1649532538.4039311}, {"altitude": "22", "latitude": "22", "longitude": "22", "timestamp": 1649532543.599126}, {"altitude": "22", "latitude": "22", "longitude": "22", "timestamp": 1649532547.8000019}, {"altitude": "22", "latitude": "22", "longitude": "22", "timestamp": 1649532553.7019904}, {"altitude": "22", "latitude": "22", "longitude": "22", "timestamp": 1649532558.2981043}, {"altitude": "22", "latitude": "22", "longitude": "22", "timestamp": 1649532562.5981097}, {"altitude": "22", "latitude": "22", "longitude": "22", "timestamp": 1649532568.7976105}, {"altitude": "22", "latitude": "22", "longitude": "22", "timestamp": 1649532573.2002885}, {"altitude": "22", "latitude": "22", "longitude": "22", "timestamp": 1649532578.5002506}, {"altitude": "22", "latitude": "22", "longitude": "22", "timestamp": 1649532583.4012141}, {"altitude": "22", "latitude": "22", "longitude": "22", "timestamp": 1649532588.7024143}, {"altitude": "22", "latitude": "22", "longitude": "22", "timestamp": 1649532593.503579}, {"altitude": "22", "latitude": "22", "longitude": "22", "timestamp": 1649532598.5000558}, {"altitude": "22", "latitude": "22", "longitude": "22", "timestamp": 1649532603.547984}, {"altitude": "22", "latitude": "22", "longitude": "22", "timestamp": 1649532608.598218}, {"altitude": "22", "latitude": "22", "longitude": "22", "timestamp": 1649532612.9498925}, {"altitude": "22", "latitude": "22", "longitude": "22", "timestamp": 1649532618.302529}, {"altitude": "22", "latitude": "22", "longitude": "22", "timestamp": 1649532623.4004452}, {"altitude": "22", "latitude": "22", "longitude": "22", "timestamp": 1649532628.7488666}, {"altitude": "22", "latitude": "22", "longitude": "22", "timestamp": 1649532634.0473819}, {"altitude": "22", "latitude": "22", "longitude": "22", "timestamp": 1649532638.9978473}, {"altitude": "22", "latitude": "22", "longitude": "22", "timestamp": 1649532643.8512943}, {"altitude": "22", "latitude": "22", "longitude": "22", "timestamp": 1649532648.7977293}, {"altitude": "22", "latitude": "22", "longitude": "22", "timestamp": 1649532653.7029188}, {"altitude": "22", "latitude": "22", "longitude": "22", "timestamp": 1649532658.3491774}, {"altitude": "44", "latitude": "44", "longitude": "44", "timestamp": 1649532814.3482933}, {"altitude": "44", "latitude": "44", "longitude": "44", "timestamp": 1649532819.4480665}, {"altitude": "44", "latitude": "44", "longitude": "44", "timestamp": 1649532824.6990016}, {"altitude": "44", "latitude": "44", "longitude": "44", "timestamp": 1649532828.89791}, {"altitude": "44", "latitude": "44", "longitude": "44", "timestamp": 1649532834.0987217}, {"altitude": "44", "latitude": "44", "longitude": "44", "timestamp": 1649532839.4988232}, {"altitude": "44", "latitude": "44", "longitude": "44", "timestamp": 1649532844.3512306}, {"altitude": "44", "latitude": "44", "longitude": "44", "timestamp": 1649532849.0994604}, {"altitude": "44", "latitude": "44", "longitude": "44", "timestamp": 1649532854.4515927}, {"altitude": "44", "latitude": "44", "longitude": "44", "timestamp": 1649532859.597809}, {"altitude": "44", "latitude": "44", "longitude": "44", "timestamp": 1649532864.5027633}, {"altitude": "44", "latitude": "44", "longitude": "44", "timestamp": 1649532869.7031713}, {"altitude": "44", "latitude": "44", "longitude": "44", "timestamp": 1649532874.2034888}, {"altitude": "44", "latitude": "44", "longitude": "44", "timestamp": 1649532879.3027985}, {"altitude": "44", "latitude": "44", "longitude": "44", "timestamp": 1649532884.8984394}, {"altitude": "44", "latitude": "44", "longitude": "44", "timestamp": 1649532889.1989324}, {"altitude": "44", "latitude": "44", "longitude": "44", "timestamp": 1649532894.2980273}, {"altitude": "44", "latitude": "44", "longitude": "44", "timestamp": 1649532899.404504}, {"altitude": "44", "latitude": "44", "longitude": "44", "timestamp": 1649532904.851134}, {"altitude": "44", "latitude": "44", "longitude": "44", "timestamp": 1649532909.5978358}, {"altitude": "44", "latitude": "44", "longitude": "44", "timestamp": 1649532914.4509025}, {"altitude": "44", "latitude": "44", "longitude": "44", "timestamp": 1649532919.349219}, {"altitude": "44", "latitude": "44", "longitude": "44", "timestamp": 1649532924.454831}, {"altitude": "44", "latitude": "44", "longitude": "44", "timestamp": 1649532929.556708}, {"altitude": "44", "latitude": "44", "longitude": "44", "timestamp": 1649532934.7984908}, {"altitude": "44", "latitude": "44", "longitude": "44", "timestamp": 1649532940.5502348}, {"altitude": "44", "latitude": "44", "longitude": "44", "timestamp": 1649532945.4513102}, {"altitude": "44", "latitude": "44", "longitude": "44", "timestamp": 1649532950.6483417}, {"altitude": "44", "latitude": "44", "longitude": "44", "timestamp": 1649532956.158646}, {"altitude": "44", "latitude": "44", "longitude": "44", "timestamp": 1649532962.0477564}, {"altitude": "55", "latitude": "55", "longitude": "55", "timestamp": 1649532976.0490804}, {"altitude": "55", "latitude": "55", "longitude": "55", "timestamp": 1649532981.3150175}, {"altitude": "55", "latitude": "55", "longitude": "55", "timestamp": 1649532985.602165}, {"altitude": "55", "latitude": "55", "longitude": "55", "timestamp": 1649532990.4988475}, {"altitude": "55", "latitude": "55", "longitude": "55", "timestamp": 1649532995.9037945}, {"altitude": "55", "latitude": "55", "longitude": "55", "timestamp": 1649533000.6014493}, {"altitude": "55", "latitude": "55", "longitude": "55", "timestamp": 1649533006.152958}, {"altitude": "55", "latitude": "55", "longitude": "55", "timestamp": 1649533011.1520057}, {"altitude": "55", "latitude": "55", "longitude": "55", "timestamp": 1649533015.9044275}, {"altitude": "55", "latitude": "55", "longitude": "55", "timestamp": 1649533021.105376}, {"altitude": "55", "latitude": "55", "longitude": "55", "timestamp": 1649533025.5985506}, {"altitude": "55", "latitude": "55", "longitude": "55", "timestamp": 1649533030.750557}, {"altitude": "55", "latitude": "55", "longitude": "55", "timestamp": 1649533036.0487397}, {"altitude": "55", "latitude": "55", "longitude": "55", "timestamp": 1649533040.9038622}, {"altitude": "55", "latitude": "55", "longitude": "55", "timestamp": 1649533046.152299}, {"altitude": "55", "latitude": "55", "longitude": "55", "timestamp": 1649533050.8990338}, {"altitude": "55", "latitude": "55", "longitude": "55", "timestamp": 1649533056.3027499}, {"altitude": "55", "latitude": "55", "longitude": "55", "timestamp": 1649533060.7988498}, {"altitude": "55", "latitude": "55", "longitude": "55", "timestamp": 1649533065.9511316}, {"altitude": "55", "latitude": "55", "longitude": "55", "timestamp": 1649533071.1536295}, {"altitude": "55", "latitude": "55", "longitude": "55", "timestamp": 1649533075.9526958}, {"altitude": "55", "latitude": "55", "longitude": "55", "timestamp": 1649533080.9999168}, {"altitude": "55", "latitude": "55", "longitude": "55", "timestamp": 1649533086.0502155}, {"altitude": "55", "latitude": "55", "longitude": "55", "timestamp": 1649533091.102423}, {"altitude": "55", "latitude": "55", "longitude": "55", "timestamp": 1649533095.9560034}, {"altitude": "55", "latitude": "55", "longitude": "55", "timestamp": 1649533101.503282}, {"altitude": "55", "latitude": "55", "longitude": "55", "timestamp": 1649533106.3993106}, {"altitude": "55", "latitude": "55", "longitude": "55", "timestamp": 1649533111.2542133}]