[{"altitude": 0, "latitude": 0, "longitude": 0, "timestamp": 1649532359.550504}, {"altitude": "11", "latitude": "11", "longitude": "11", "timestamp": 1649532363.8981469}, {"altitude": "11", "latitude": "11", "longitude": "11", "timestamp": 1649532368.5021217}, {"altitude": "11", "latitude": "11", "longitude": "11", "timestamp": 1649532373.3023877}, {"altitude": "11", "latitude": "11", "longitude": "11", "timestamp": 1649532377.8976238}, {"altitude": "11", "latitude": "11", "longitude": "11", "timestamp": 1649532382.8493998}, {"altitude": "11", "latitude": "11", "longitude": "11", "timestamp": 1649532388.104961}, {"altitude": "11", "latitude": "11", "longitude": "11", "timestamp": 1649532392.7976954}, {"altitude": "11", "latitude": "11", "longitude": "11", "timestamp": 1649532397.9035}, {"altitude": "11", "latitude": "11", "longitude": "11", "timestamp": 1649532403.297965}, {"altitude": "11", "latitude": "11", "longitude": "11", "timestamp": 1649532408.4505882}, {"altitude": "11", "latitude": "11", "longitude": "11", "timestamp": 1649532413.0522351}, {"altitude": "11", "latitude": "11", "longitude": "11", "timestamp": 1649532417.6033177}, {"altitude": "11", "latitude": "11", "longitude": "11", "timestamp": 1649532423.2490928}, {"altitude": "11", "latitude": "11", "longitude": "11", "timestamp": 1649532428.3035507}, {"altitude": "11", "latitude": "11", "longitude": "11", "timestamp": 1649532433.0988584}, {"altitude": "11", "latitude": "11", "longitude": "11", "timestamp": 1649532438.2484162}, {"altitude": "11", "latitude": "11", "longitude": "11", "timestamp": 1649532443.0521333}, {"altitude": "11", "latitude": "11", "longitude": "11", "timestamp": 1649532448.1486466}, {"altitude": "11", "latitude": "11", "longitude": "11", "timestamp": 1649532453.149282}, {"altitude": "11", "latitude": "11", "longitude": "11", "timestamp": 1649532458.051636}, {"altitude": "11", "latitude": "11", "longitude": "11", "timestamp": 1649532463.4523194}, {"altitude": "11", "latitude": "11", "longitude": "11", "timestamp": 1649532468.1004033}, {"altitude": "11", "latitude": "11", "longitude": "11", "timestamp": 1649532473.2479208}, {"altitude": "11", "latitude": "11", "longitude": "11", "timestamp": 1649532478.1521997}, {"altitude": "11", "latitude": "11", "longitude": "11", "timestamp": 1649532482.9035633}, {"altitude": "11", "latitude": "11", "longitude": "11", "timestamp": 1649532487.4998167}, {"altitude": "11", "latitude": "11", "longitude": "11", "timestamp": 1649532493.2006197}, {"altitude": "11", "latitude": "11", "longitude": "11", "timestamp": 1649532498.1979356}, {"altitude": "11", "latitude": "11", "longitude": "11", "timestamp": 1649532503.1490495}, {"altitude": "11", "latitude": "11", "longitude": "11", "timestamp": 1649532508.2990859}, {"altitude": "22", "latitude": "22", "longitude": "22", "timestamp": 1649532513.247433}, {"altitude": "22", "latitude": "22", "longitude": "22", "timestamp": 1649532518.1506693}, {"altitude": "22", "latitude": "22", "longitude": "22", "timestamp": 1649532523.1480982}, {"altitude": "22", "latitude": "22", "longitude": "22", "timestamp": 1649532528.0547376}, {"altitude": "22", "latitude": "22", "longitude": "22", "timestamp": 1649532533.3978875}, {"altitude": "22", "latitude": "22", "longitude": "22", "timestamp": 1649532538.2041276}, {"altitude": "22", "latitude": "22", "longitude": "22", "timestamp": 1649532542.8026297}, {"altitude": "22", "latitude": "22", "longitude": "22", "timestamp": 1649532548.7984846}, {"altitude": "22", "latitude": "22", "longitude": "22", "timestamp": 1649532552.5555549}, {"altitude": "22", "latitude": "22", "longitude": "22", "timestamp": 1649532558.0977967}, {"altitude": "22", "latitude": "22", "longitude": "22", "timestamp": 1649532563.3485785}, {"altitude": "22", "latitude": "22", "longitude": "22", "timestamp": 1649532568.0013874}, {"altitude": "22", "latitude": "22", "longitude": "22", "timestamp": 1649532572.949373}, {"altitude": "22", "latitude": "22", "longitude": "22", "timestamp": 1649532578.298773}, {"altitude": "22", "latitude": "22", "longitude": "22", "timestamp": 1649532583.7002082}, {"altitude": "22", "latitude": "22", "longitude": "22", "timestamp": 1649532588.0487418}, {"altitude": "22", "latitude": "22", "longitude": "22", "timestamp": 1649532592.6004593}, {"altitude": "22", "latitude": "22", "longitude": "22", "timestamp": 1649532598.599519}, {"altitude": "22", "latitude": "22", "longitude": "22", "timestamp": 1649532603.6042387}, {"altitude": "22", "latitude": "22", "longitude": "22", "timestamp": 1649532608.598262}, {"altitude": "22", "latitude": "22", "longitude": "22", "timestamp": 1649532613.799788}, {"altitude": "22", "latitude": "22", "longitude": "22", "timestamp": 1649532618.5999162}, {"altitude": "22", "latitude": "22", "longitude": "22", "timestamp": 1649532623.1525278}, {"altitude": "22", "latitude": "22", "longitude": "22", "timestamp": 1649532628.0523741}, {"altitude": "22", "latitude": "22", "longitude": "22", "timestamp": 1649532633.0484226}, {"altitude": "22", "latitude": "22", "longitude": "22", "timestamp": 1649532638.6985416}, {"altitude": "22", "latitude": "22", "longitude": "22", "timestamp": 1649532643.1988382}, {"altitude": "22", "latitude": "22", "longitude": "22", "timestamp": 1649532648.0989106}, {"altitude": "22", "latitude": "22", "longitude": "22", "timestamp": 1649532653.5494888}, {"altitude": "22", "latitude": "22", "longitude": "22", "timestamp": 1649532658.3977125}, {"altitude": "44", "latitude": "44", "longitude": "44", "timestamp": 1649532813.6002848}, {"altitude": "44", "latitude": "44", "longitude": "44", "timestamp": 1649532819.0071654}, {"altitude": "44", "latitude": "44", "longitude": "44", "timestamp": 1649532824.050574}, {"altitude": "44", "latitude": "44", "longitude": "44", "timestamp": 1649532829.300327}, {"altitude": "44", "latitude": "44", "longitude": "44", "timestamp": 1649532834.1984775}, {"altitude": "44", "latitude": "44", "longitude": "44", "timestamp": 1649532838.8014026}, {"altitude": "44", "latitude": "44", "longitude": "44", "timestamp": 1649532844.2998254}, {"altitude": "44", "latitude": "44", "longitude": "44", "timestamp": 1649532849.25006}, {"altitude": "44", "latitude": "44", "longitude": "44", "timestamp": 1649532854.199553}, {"altitude": "44", "latitude": "44", "longitude": "44", "timestamp": 1649532859.001354}, {"altitude": "44", "latitude": "44", "longitude": "44", "timestamp": 1649532864.4535916}, {"altitude": "44", "latitude": "44", "longitude": "44", "timestamp": 1649532868.8524928}, {"altitude": "44", "latitude": "44", "longitude": "44", "timestamp": 1649532874.4505315}, {"altitude": "44", "latitude": "44", "longitude": "44", "timestamp": 1649532879.7528555}, {"altitude": "44", "latitude": "44", "longitude": "44", "timestamp": 1649532884.2025628}, {"altitude": "44", "latitude": "44", "longitude": "44", "timestamp": 1649532889.0513048}, {"altitude": "44", "latitude": "44", "longitude": "44", "timestamp": 1649532894.1523964}, {"altitude": "44", "latitude": "44", "longitude": "44", "timestamp": 1649532899.4995706}, {"altitude": "44", "latitude": "44", "longitude": "44", "timestamp": 1649532903.849871}, {"altitude": "44", "latitude": "44", "longitude": "44", "timestamp": 1649532909.252042}, {"altitude": "44", "latitude": "44", "longitude": "44", "timestamp": 1649532914.2486725}, {"altitude": "44", "latitude": "44", "longitude": "44", "timestamp": 1649532919.7490497}, {"altitude": "44", "latitude": "44", "longitude": "44", "timestamp": 1649532924.0995672}, {"altitude": "44", "latitude": "44", "longitude": "44", "timestamp": 1649532929.2998073}, {"altitude": "44", "latitude": "44", "longitude": "44", "timestamp": 1649532935.1527572}, {"altitude": "44", "latitude": "44", "longitude": "44", "timestamp": 1649532940.2539244}, {"altitude": "44", "latitude": "44", "longitude": "44", "timestamp": 1649532945.8485212}, {"altitude": "44", "latitude": "44", "longitude": "44", "timestamp": 1649532951.3044608}, {"altitude": "44", "latitude": "44", "longitude": "44", "timestamp": 1649532956.9486818}, {"altitude": "44", "latitude": "44", "longitude": "44", "timestamp": 1649532962.150883}, {"altitude": "55", "latitude": "55", "longitude": "55", "timestamp": 1649532975.3998008}, {"altitude": "55", "latitude": "55", "longitude": "55", "timestamp": 1649532981.1070573}, {"altitude": "55", "latitude": "55", "longitude": "55", "timestamp": 1649532985.7036529}, {"altitude": "55", "latitude": "55", "longitude": "55", "timestamp": 1649532990.7486966}, {"altitude": "55", "latitude": "55", "longitude": "55", "timestamp": 1649532995.3999093}, {"altitude": "55", "latitude": "55", "longitude": "55", "timestamp": 1649533001.0988731}, {"altitude": "55", "latitude": "55", "longitude": "55", "timestamp": 1649533005.7009788}, {"altitude": "55", "latitude": "55", "longitude": "55", "timestamp": 1649533011.000132}, {"altitude": "55", "latitude": "55", "longitude": "55", "timestamp": 1649533015.7975729}, {"altitude": "55", "latitude": "55", "longitude": "55", "timestamp": 1649533020.4996748}, {"altitude": "55", "latitude": "55", "longitude": "55", "timestamp": 1649533025.9491885}, {"altitude": "55", "latitude": "55", "longitude": "55", "timestamp": 1649533031.1510441}, {"altitude": "55", "latitude": "55", "longitude": "55", "timestamp": 1649533035.951633}, {"altitude": "55", "latitude": "55", "longitude": "55", "timestamp": 1649533040.751808}, {"altitude": "55", "latitude": "55", "longitude": "55", "timestamp": 1649533045.6006293}, {"altitude": "55", "latitude": "55", "longitude": "55", "timestamp": 1649533051.1501656}, {"altitude": "55", "latitude": "55", "longitude": "55", "timestamp": 1649533055.6029906}, {"altitude": "55", "latitude": "55", "longitude": "55", "timestamp": 1649533060.8989794}, {"altitude": "55", "latitude": "55", "longitude": "55", "timestamp": 1649533065.6508915}, {"altitude": "55", "latitude": "55", "longitude": "55", "timestamp": 1649533070.999668}, {"altitude": "55", "latitude": "55", "longitude": "55", "timestamp": 1649533075.704424}, {"altitude": "55", "latitude": "55", "longitude": "55", "timestamp": 1649533081.1483681}, {"altitude": "55", "latitude": "55", "longitude": "55", "timestamp": 1649533085.8522701}, {"altitude": "55", "latitude": "55", "longitude": "55", "timestamp": 1649533090.7550988}, {"altitude": "55", "latitude": "55", "longitude": "55", "timestamp": 1649533095.7014792}, {"altitude": "55", "latitude": "55", "longitude": "55", "timestamp": 1649533101.3485672}, {"altitude": "55", "latitude": "55", "longitude": "55", "timestamp": 1649533106.603077}, {"altitude": "55", "latitude": "55", "longitude": "55", "timestamp": 1649533110.9997952}]