[{"altitude": 0, "latitude": 0, "longitude": 0, "timestamp": 1649238010.117246}, {"altitude": "11", "latitude": "11", "longitude": "11", "timestamp": 1649238009.164074}, {"altitude": "11", "latitude": "11", "longitude": "11", "timestamp": 1649238014.151006}, {"altitude": "11", "latitude": "11", "longitude": "11", "timestamp": 1649238019.165459}, {"altitude": "11", "latitude": "11", "longitude": "11", "timestamp": 1649238024.179783}, {"altitude": "11", "latitude": "11", "longitude": "11", "timestamp": 1649238029.203482}, {"altitude": "11", "latitude": "11", "longitude": "11", "timestamp": 1649238034.216311}, {"altitude": "11", "latitude": "11", "longitude": "11", "timestamp": 1649238039.199791}, {"altitude": "11", "latitude": "11", "longitude": "11", "timestamp": 1649238044.249197}, {"altitude": "11", "latitude": "11", "longitude": "11", "timestamp": 1649238049.268903}, {"altitude": "11", "latitude": "11", "longitude": "11", "timestamp": 1649238054.271578}, {"altitude": "11", "latitude": "11", "longitude": "11", "timestamp": 1649238059.273022}, {"altitude": "11", "latitude": "11", "longitude": "11", "timestamp": 1649238064.27559}, {"altitude": "11", "latitude": "11", "longitude": "11", "timestamp": 1649238069.288933}, {"altitude": "11", "latitude": "11", "longitude": "11", "timestamp": 1649238074.305643}, {"altitude": "11", "latitude": "11", "longitude": "11", "timestamp": 1649238079.319959}, {"altitude": "11", "latitude": "11", "longitude": "11", "timestamp": 1649238084.335281}, {"altitude": "11", "latitude": "11", "longitude": "11", "timestamp": 1649238089.375607}, {"altitude": "11", "latitude": "11", "longitude": "11", "timestamp": 1649238094.376513}, {"altitude": "11", "latitude": "11", "longitude": "11", "timestamp": 1649238099.395023}, {"altitude": "11", "latitude": "11", "longitude": "11", "timestamp": 1649238104.393317}, {"altitude": "11", "latitude": "11", "longitude": "11", "timestamp": 1649238109.402426}, {"altitude": "11", "latitude": "11", "longitude": "11", "timestamp": 1649238114.404343}, {"altitude": "11", "latitude": "11", "longitude": "11", "timestamp": 1649238119.420296}, {"altitude": "11", "latitude": "11", "longitude": "11", "timestamp": 1649238124.423718}, {"altitude": "11", "latitude": "11", "longitude": "11", "timestamp": 1649238129.447421}, {"altitude": "11", "latitude": "11", "longitude": "11", "timestamp": 1649238134.45414}, {"altitude": "11", "latitude": "11", "longitude": "11", "timestamp": 1649238139.445692}, {"altitude": "11", "latitude": "11", "longitude": "11", "timestamp": 1649238144.462553}, {"altitude": "11", "latitude": "11", "longitude": "11", "timestamp": 1649238149.474203}, {"altitude": "11", "latitude": "11", "longitude": "11", "timestamp": 1649238154.472187}, {"altitude": "22", "latitude": "22", "longitude": "22", "timestamp": 1649238163.7188177}, {"altitude": "22", "latitude": "22", "longitude": "22", "timestamp": 1649238168.3669662}, {"altitude": "22", "latitude": "22", "longitude": "22", "timestamp": 1649238173.51616}, {"altitude": "22", "latitude": "22", "longitude": "22", "timestamp": 1649238178.4671779}, {"altitude": "22", "latitude": "22", "longitude": "22", "timestamp": 1649238183.8718045}, {"altitude": "22", "latitude": "22", "longitude": "22", "timestamp": 1649238189.1174247}, {"altitude": "22", "latitude": "22", "longitude": "22", "timestamp": 1649238193.56728}, {"altitude": "22", "latitude": "22", "longitude": "22", "timestamp": 1649238198.7138789}, {"altitude": "22", "latitude": "22", "longitude": "22", "timestamp": 1649238203.0720532}, {"altitude": "22", "latitude": "22", "longitude": "22", "timestamp": 1649238209.0778244}, {"altitude": "22", "latitude": "22", "longitude": "22", "timestamp": 1649238214.0667868}, {"altitude": "22", "latitude": "22", "longitude": "22", "timestamp": 1649238218.7162368}, {"altitude": "22", "latitude": "22", "longitude": "22", "timestamp": 1649238223.9149537}, {"altitude": "22", "latitude": "22", "longitude": "22", "timestamp": 1649238227.9150279}, {"altitude": "22", "latitude": "22", "longitude": "22", "timestamp": 1649238233.7155836}, {"altitude": "22", "latitude": "22", "longitude": "22", "timestamp": 1649238238.0688798}, {"altitude": "22", "latitude": "22", "longitude": "22", "timestamp": 1649238243.9661627}, {"altitude": "22", "latitude": "22", "longitude": "22", "timestamp": 1649238248.9671113}, {"altitude": "22", "latitude": "22", "longitude": "22", "timestamp": 1649238253.517949}, {"altitude": "22", "latitude": "22", "longitude": "22", "timestamp": 1649238258.8171191}, {"altitude": "22", "latitude": "22", "longitude": "22", "timestamp": 1649238263.9652627}, {"altitude": "22", "latitude": "22", "longitude": "22", "timestamp": 1649238268.016257}, {"altitude": "22", "latitude": "22", "longitude": "22", "timestamp": 1649238273.9185941}, {"altitude": "22", "latitude": "22", "longitude": "22", "timestamp": 1649238279.166216}, {"altitude": "22", "latitude": "22", "longitude": "22", "timestamp": 1649238283.2168267}, {"altitude": "22", "latitude": "22", "longitude": "22", "timestamp": 1649238288.9161818}, {"altitude": "22", "latitude": "22", "longitude": "22", "timestamp": 1649238293.7666953}, {"altitude": "22", "latitude": "22", "longitude": "22", "timestamp": 1649238298.7153478}, {"altitude": "22", "latitude": "22", "longitude": "22", "timestamp": 1649238304.0696921}, {"altitude": "22", "latitude": "22", "longitude": "22", "timestamp": 1649238308.9157}, {"altitude": "44", "latitude": "44", "longitude": "44", "timestamp": 1649238464.9202101}, {"altitude": "44", "latitude": "44", "longitude": "44", "timestamp": 1649238469.974888}, {"altitude": "44", "latitude": "44", "longitude": "44", "timestamp": 1649238474.6687467}, {"altitude": "44", "latitude": "44", "longitude": "44", "timestamp": 1649238480.018424}, {"altitude": "44", "latitude": "44", "longitude": "44", "timestamp": 1649238484.266893}, {"altitude": "44", "latitude": "44", "longitude": "44", "timestamp": 1649238489.766585}, {"altitude": "44", "latitude": "44", "longitude": "44", "timestamp": 1649238494.5658596}, {"altitude": "44", "latitude": "44", "longitude": "44", "timestamp": 1649238499.564165}, {"altitude": "44", "latitude": "44", "longitude": "44", "timestamp": 1649238504.6152437}, {"altitude": "44", "latitude": "44", "longitude": "44", "timestamp": 1649238509.91855}, {"altitude": "44", "latitude": "44", "longitude": "44", "timestamp": 1649238514.3196912}, {"altitude": "44", "latitude": "44", "longitude": "44", "timestamp": 1649238520.2195387}, {"altitude": "44", "latitude": "44", "longitude": "44", "timestamp": 1649238524.3168273}, {"altitude": "44", "latitude": "44", "longitude": "44", "timestamp": 1649238530.3687844}, {"altitude": "44", "latitude": "44", "longitude": "44", "timestamp": 1649238536.1158414}, {"altitude": "44", "latitude": "44", "longitude": "44", "timestamp": 1649238541.0695238}, {"altitude": "44", "latitude": "44", "longitude": "44", "timestamp": 1649238546.7179925}, {"altitude": "44", "latitude": "44", "longitude": "44", "timestamp": 1649238552.415885}, {"altitude": "44", "latitude": "44", "longitude": "44", "timestamp": 1649238555.7157795}, {"altitude": "44", "latitude": "44", "longitude": "44", "timestamp": 1649238561.472192}, {"altitude": "44", "latitude": "44", "longitude": "44", "timestamp": 1649238566.3147924}, {"altitude": "44", "latitude": "44", "longitude": "44", "timestamp": 1649238571.5233395}, {"altitude": "44", "latitude": "44", "longitude": "44", "timestamp": 1649238576.2670984}, {"altitude": "44", "latitude": "44", "longitude": "44", "timestamp": 1649238581.718159}, {"altitude": "44", "latitude": "44", "longitude": "44", "timestamp": 1649238586.06773}, {"altitude": "44", "latitude": "44", "longitude": "44", "timestamp": 1649238591.16806}, {"altitude": "44", "latitude": "44", "longitude": "44", "timestamp": 1649238596.615517}, {"altitude": "44", "latitude": "44", "longitude": "44", "timestamp": 1649238601.4199574}, {"altitude": "44", "latitude": "44", "longitude": "44", "timestamp": 1649238607.1217499}, {"altitude": "44", "latitude": "44", "longitude": "44", "timestamp": 1649238611.7182772}, {"altitude": "55", "latitude": "55", "longitude": "55", "timestamp": 1649238621.567541}, {"altitude": "55", "latitude": "55", "longitude": "55", "timestamp": 1649238626.967071}, {"altitude": "55", "latitude": "55", "longitude": "55", "timestamp": 1649238632.0167274}, {"altitude": "55", "latitude": "55", "longitude": "55", "timestamp": 1649238637.3657134}, {"altitude": "55", "latitude": "55", "longitude": "55", "timestamp": 1649238642.3636425}, {"altitude": "55", "latitude": "55", "longitude": "55", "timestamp": 1649238646.9650784}, {"altitude": "55", "latitude": "55", "longitude": "55", "timestamp": 1649238653.1138592}, {"altitude": "55", "latitude": "55", "longitude": "55", "timestamp": 1649238658.1148558}, {"altitude": "55", "latitude": "55", "longitude": "55", "timestamp": 1649238663.6145513}, {"altitude": "55", "latitude": "55", "longitude": "55", "timestamp": 1649238668.171095}, {"altitude": "55", "latitude": "55", "longitude": "55", "timestamp": 1649238673.1676548}, {"altitude": "55", "latitude": "55", "longitude": "55", "timestamp": 1649238678.0641706}, {"altitude": "55", "latitude": "55", "longitude": "55", "timestamp": 1649238682.8676546}, {"altitude": "55", "latitude": "55", "longitude": "55", "timestamp": 1649238687.266109}, {"altitude": "55", "latitude": "55", "longitude": "55", "timestamp": 1649238691.7715106}, {"altitude": "55", "latitude": "55", "longitude": "55", "timestamp": 1649238696.6723466}, {"altitude": "55", "latitude": "55", "longitude": "55", "timestamp": 1649238701.617324}, {"altitude": "55", "latitude": "55", "longitude": "55", "timestamp": 1649238706.714927}, {"altitude": "55", "latitude": "55", "longitude": "55", "timestamp": 1649238711.9164643}, {"altitude": "55", "latitude": "55", "longitude": "55", "timestamp": 1649238716.9652247}, {"altitude": "55", "latitude": "55", "longitude": "55", "timestamp": 1649238721.719236}, {"altitude": "55", "latitude": "55", "longitude": "55", "timestamp": 1649238726.714805}, {"altitude": "55", "latitude": "55", "longitude": "55", "timestamp": 1649238732.2160647}, {"altitude": "55", "latitude": "55", "longitude": "55", "timestamp": 1649238736.614523}, {"altitude": "55", "latitude": "55", "longitude": "55", "timestamp": 1649238741.8656368}, {"altitude": "55", "latitude": "55", "longitude": "55", "timestamp": 1649238746.8663895}, {"altitude": "55", "latitude": "55", "longitude": "55", "timestamp": 1649238751.864256}, {"altitude": "55", "latitude": "55", "longitude": "55", "timestamp": 1649238757.1678667}, {"altitude": "55", "latitude": "55", "longitude": "55", "timestamp": 1649238762.2190356}]