[{"altitude": 0, "latitude": 0, "longitude": 0, "timestamp": 1649532359.508924}, {"altitude": "11", "latitude": "11", "longitude": "11", "timestamp": 1649532364.0512874}, {"altitude": "11", "latitude": "11", "longitude": "11", "timestamp": 1649532368.3993092}, {"altitude": "11", "latitude": "11", "longitude": "11", "timestamp": 1649532372.7987144}, {"altitude": "11", "latitude": "11", "longitude": "11", "timestamp": 1649532377.403886}, {"altitude": "11", "latitude": "11", "longitude": "11", "timestamp": 1649532382.748599}, {"altitude": "11", "latitude": "11", "longitude": "11", "timestamp": 1649532387.5038078}, {"altitude": "11", "latitude": "11", "longitude": "11", "timestamp": 1649532392.8979084}, {"altitude": "11", "latitude": "11", "longitude": "11", "timestamp": 1649532397.351787}, {"altitude": "11", "latitude": "11", "longitude": "11", "timestamp": 1649532402.4980314}, {"altitude": "11", "latitude": "11", "longitude": "11", "timestamp": 1649532407.5490253}, {"altitude": "11", "latitude": "11", "longitude": "11", "timestamp": 1649532412.1025155}, {"altitude": "11", "latitude": "11", "longitude": "11", "timestamp": 1649532417.7499912}, {"altitude": "11", "latitude": "11", "longitude": "11", "timestamp": 1649532422.947966}, {"altitude": "11", "latitude": "11", "longitude": "11", "timestamp": 1649532427.498463}, {"altitude": "11", "latitude": "11", "longitude": "11", "timestamp": 1649532432.9021518}, {"altitude": "11", "latitude": "11", "longitude": "11", "timestamp": 1649532437.747786}, {"altitude": "11", "latitude": "11", "longitude": "11", "timestamp": 1649532442.0045006}, {"altitude": "11", "latitude": "11", "longitude": "11", "timestamp": 1649532447.2998202}, {"altitude": "11", "latitude": "11", "longitude": "11", "timestamp": 1649532452.7999191}, {"altitude": "11", "latitude": "11", "longitude": "11", "timestamp": 1649532457.598826}, {"altitude": "11", "latitude": "11", "longitude": "11", "timestamp": 1649532462.698239}, {"altitude": "11", "latitude": "11", "longitude": "11", "timestamp": 1649532467.8030245}, {"altitude": "11", "latitude": "11", "longitude": "11", "timestamp": 1649532472.2522473}, {"altitude": "11", "latitude": "11", "longitude": "11", "timestamp": 1649532477.0992987}, {"altitude": "11", "latitude": "11", "longitude": "11", "timestamp": 1649532483.0992246}, {"altitude": "11", "latitude": "11", "longitude": "11", "timestamp": 1649532488.4997091}, {"altitude": "11", "latitude": "11", "longitude": "11", "timestamp": 1649532493.1026719}, {"altitude": "11", "latitude": "11", "longitude": "11", "timestamp": 1649532498.2992492}, {"altitude": "11", "latitude": "11", "longitude": "11", "timestamp": 1649532503.5003383}, {"altitude": "11", "latitude": "11", "longitude": "11", "timestamp": 1649532507.4980817}, {"altitude": "22", "latitude": "22", "longitude": "22", "timestamp": 1649532513.0009363}, {"altitude": "22", "latitude": "22", "longitude": "22", "timestamp": 1649532517.7022853}, {"altitude": "22", "latitude": "22", "longitude": "22", "timestamp": 1649532522.702975}, {"altitude": "22", "latitude": "22", "longitude": "22", "timestamp": 1649532528.1600013}, {"altitude": "22", "latitude": "22", "longitude": "22", "timestamp": 1649532532.4974318}, {"altitude": "22", "latitude": "22", "longitude": "22", "timestamp": 1649532537.6998122}, {"altitude": "22", "latitude": "22", "longitude": "22", "timestamp": 1649532543.050263}, {"altitude": "22", "latitude": "22", "longitude": "22", "timestamp": 1649532547.8011484}, {"altitude": "22", "latitude": "22", "longitude": "22", "timestamp": 1649532553.1990159}, {"altitude": "22", "latitude": "22", "longitude": "22", "timestamp": 1649532558.2521305}, {"altitude": "22", "latitude": "22", "longitude": "22", "timestamp": 1649532563.0034897}, {"altitude": "22", "latitude": "22", "longitude": "22", "timestamp": 1649532567.8046844}, {"altitude": "22", "latitude": "22", "longitude": "22", "timestamp": 1649532573.0551248}, {"altitude": "22", "latitude": "22", "longitude": "22", "timestamp": 1649532577.899555}, {"altitude": "22", "latitude": "22", "longitude": "22", "timestamp": 1649532583.0978942}, {"altitude": "22", "latitude": "22", "longitude": "22", "timestamp": 1649532587.899358}, {"altitude": "22", "latitude": "22", "longitude": "22", "timestamp": 1649532593.304706}, {"altitude": "22", "latitude": "22", "longitude": "22", "timestamp": 1649532598.0993507}, {"altitude": "22", "latitude": "22", "longitude": "22", "timestamp": 1649532603.5979013}, {"altitude": "22", "latitude": "22", "longitude": "22", "timestamp": 1649532608.0483887}, {"altitude": "22", "latitude": "22", "longitude": "22", "timestamp": 1649532613.251455}, {"altitude": "22", "latitude": "22", "longitude": "22", "timestamp": 1649532618.3976638}, {"altitude": "22", "latitude": "22", "longitude": "22", "timestamp": 1649532623.3984342}, {"altitude": "22", "latitude": "22", "longitude": "22", "timestamp": 1649532628.248777}, {"altitude": "22", "latitude": "22", "longitude": "22", "timestamp": 1649532633.3512886}, {"altitude": "22", "latitude": "22", "longitude": "22", "timestamp": 1649532638.2531273}, {"altitude": "22", "latitude": "22", "longitude": "22", "timestamp": 1649532643.099962}, {"altitude": "22", "latitude": "22", "longitude": "22", "timestamp": 1649532648.3994112}, {"altitude": "22", "latitude": "22", "longitude": "22", "timestamp": 1649532653.2005842}, {"altitude": "22", "latitude": "22", "longitude": "22", "timestamp": 1649532658.0984614}, {"altitude": "44", "latitude": "44", "longitude": "44", "timestamp": 1649532813.5518699}, {"altitude": "44", "latitude": "44", "longitude": "44", "timestamp": 1649532819.1492748}, {"altitude": "44", "latitude": "44", "longitude": "44", "timestamp": 1649532824.04815}, {"altitude": "44", "latitude": "44", "longitude": "44", "timestamp": 1649532828.7997956}, {"altitude": "44", "latitude": "44", "longitude": "44", "timestamp": 1649532834.0996876}, {"altitude": "44", "latitude": "44", "longitude": "44", "timestamp": 1649532839.29922}, {"altitude": "44", "latitude": "44", "longitude": "44", "timestamp": 1649532843.2977293}, {"altitude": "44", "latitude": "44", "longitude": "44", "timestamp": 1649532848.8009946}, {"altitude": "44", "latitude": "44", "longitude": "44", "timestamp": 1649532854.3010433}, {"altitude": "44", "latitude": "44", "longitude": "44", "timestamp": 1649532858.4003987}, {"altitude": "44", "latitude": "44", "longitude": "44", "timestamp": 1649532863.5978186}, {"altitude": "44", "latitude": "44", "longitude": "44", "timestamp": 1649532868.5991719}, {"altitude": "44", "latitude": "44", "longitude": "44", "timestamp": 1649532874.4484694}, {"altitude": "44", "latitude": "44", "longitude": "44", "timestamp": 1649532878.999188}, {"altitude": "44", "latitude": "44", "longitude": "44", "timestamp": 1649532884.0003982}, {"altitude": "44", "latitude": "44", "longitude": "44", "timestamp": 1649532889.3005533}, {"altitude": "44", "latitude": "44", "longitude": "44", "timestamp": 1649532894.3991933}, {"altitude": "44", "latitude": "44", "longitude": "44", "timestamp": 1649532898.5997245}, {"altitude": "44", "latitude": "44", "longitude": "44", "timestamp": 1649532904.155759}, {"altitude": "44", "latitude": "44", "longitude": "44", "timestamp": 1649532908.8978531}, {"altitude": "44", "latitude": "44", "longitude": "44", "timestamp": 1649532914.3482687}, {"altitude": "44", "latitude": "44", "longitude": "44", "timestamp": 1649532919.1980505}, {"altitude": "44", "latitude": "44", "longitude": "44", "timestamp": 1649532924.552649}, {"altitude": "44", "latitude": "44", "longitude": "44", "timestamp": 1649532929.454092}, {"altitude": "44", "latitude": "44", "longitude": "44", "timestamp": 1649532934.9999166}, {"altitude": "44", "latitude": "44", "longitude": "44", "timestamp": 1649532940.4537504}, {"altitude": "44", "latitude": "44", "longitude": "44", "timestamp": 1649532945.6490366}, {"altitude": "44", "latitude": "44", "longitude": "44", "timestamp": 1649532951.2002668}, {"altitude": "44", "latitude": "44", "longitude": "44", "timestamp": 1649532955.999043}, {"altitude": "44", "latitude": "44", "longitude": "44", "timestamp": 1649532961.1979423}, {"altitude": "55", "latitude": "55", "longitude": "55", "timestamp": 1649532975.8028917}, {"altitude": "55", "latitude": "55", "longitude": "55", "timestamp": 1649532980.799552}, {"altitude": "55", "latitude": "55", "longitude": "55", "timestamp": 1649532985.700351}, {"altitude": "55", "latitude": "55", "longitude": "55", "timestamp": 1649532990.500299}, {"altitude": "55", "latitude": "55", "longitude": "55", "timestamp": 1649532995.2978997}, {"altitude": "55", "latitude": "55", "longitude": "55", "timestamp": 1649533000.7005138}, {"altitude": "55", "latitude": "55", "longitude": "55", "timestamp": 1649533005.9481695}, {"altitude": "55", "latitude": "55", "longitude": "55", "timestamp": 1649533010.101054}, {"altitude": "55", "latitude": "55", "longitude": "55", "timestamp": 1649533015.748657}, {"altitude": "55", "latitude": "55", "longitude": "55", "timestamp": 1649533020.3006752}, {"altitude": "55", "latitude": "55", "longitude": "55", "timestamp": 1649533025.5985038}, {"altitude": "55", "latitude": "55", "longitude": "55", "timestamp": 1649533030.601922}, {"altitude": "55", "latitude": "55", "longitude": "55", "timestamp": 1649533035.4529314}, {"altitude": "55", "latitude": "55", "longitude": "55", "timestamp": 1649533040.6975737}, {"altitude": "55", "latitude": "55", "longitude": "55", "timestamp": 1649533045.4043121}, {"altitude": "55", "latitude": "55", "longitude": "55", "timestamp": 1649533050.1976192}, {"altitude": "55", "latitude": "55", "longitude": "55", "timestamp": 1649533055.8001523}, {"altitude": "55", "latitude": "55", "longitude": "55", "timestamp": 1649533060.9481256}, {"altitude": "55", "latitude": "55", "longitude": "55", "timestamp": 1649533065.6477947}, {"altitude": "55", "latitude": "55", "longitude": "55", "timestamp": 1649533070.2999253}, {"altitude": "55", "latitude": "55", "longitude": "55", "timestamp": 1649533075.697894}, {"altitude": "55", "latitude": "55", "longitude": "55", "timestamp": 1649533080.9002147}, {"altitude": "55", "latitude": "55", "longitude": "55", "timestamp": 1649533086.3041964}, {"altitude": "55", "latitude": "55", "longitude": "55", "timestamp": 1649533090.6526973}, {"altitude": "55", "latitude": "55", "longitude": "55", "timestamp": 1649533095.8008618}, {"altitude": "55", "latitude": "55", "longitude": "55", "timestamp": 1649533100.8981743}, {"altitude": "55", "latitude": "55", "longitude": "55", "timestamp": 1649533105.6487792}, {"altitude": "55", "latitude": "55", "longitude": "55", "timestamp": 1649533110.8991365}]