[{"latitude": 0, "longitude": 0, "timestamp": "2022-04-12T10-06-03"}, {"latitude": "5001", "longitude": "1001", "timestamp": "2022-04-12T10-06-11"}, {"latitude": "5001", "longitude": "1001", "timestamp": "2022-04-12T10-06-15"}, {"latitude": "5001", "longitude": "1001", "timestamp": "2022-04-12T10-06-19"}, {"latitude": "5001", "longitude": "1001", "timestamp": "2022-04-12T10-06-23"}, {"latitude": "5001", "longitude": "1001", "timestamp": "2022-04-12T10-06-33"}, {"latitude": "5001", "longitude": "1001", "timestamp": "2022-04-12T10-06-35"}, {"latitude": "5001", "longitude": "1001", "timestamp": "2022-04-12T10-06-41"}, {"latitude": "5001", "longitude": "1001", "timestamp": "2022-04-12T10-06-48"}, {"latitude": "5001", "longitude": "1001", "timestamp": "2022-04-12T10-06-52"}, {"latitude": "5001", "longitude": "1001", "timestamp": "2022-04-12T10-06-59"}, {"latitude": "5001", "longitude": "1001", "timestamp": "2022-04-12T10-07-03"}, {"latitude": "5001", "longitude": "1001", "timestamp": "2022-04-12T10-07-08"}, {"latitude": "5001", "longitude": "1001", "timestamp": "2022-04-12T10-07-10"}, {"latitude": "5001", "longitude": "1001", "timestamp": "2022-04-12T10-07-16"}, {"latitude": "5001", "longitude": "1001", "timestamp": "2022-04-12T10-07-22"}, {"latitude": "5001", "longitude": "1001", "timestamp": "2022-04-12T10-07-26"}, {"latitude": "5001", "longitude": "1001", "timestamp": "2022-04-12T10-07-30"}, {"latitude": "5001", "longitude": "1001", "timestamp": "2022-04-12T10-07-39"}, {"latitude": "5001", "longitude": "1001", "timestamp": "2022-04-12T10-07-40"}, {"latitude": "5001", "longitude": "1001", "timestamp": "2022-04-12T10-07-48"}, {"latitude": "5001", "longitude": "1001", "timestamp": "2022-04-12T10-07-49"}, {"latitude": "5001", "longitude": "1001", "timestamp": "2022-04-12T10-07-56"}, {"latitude": "5001", "longitude": "1001", "timestamp": "2022-04-12T10-07-59"}, {"latitude": "5001", "longitude": "1001", "timestamp": "2022-04-12T10-08-04"}, {"latitude": "5001", "longitude": "1001", "timestamp": "2022-04-12T10-08-08"}, {"latitude": "5001", "longitude": "1001", "timestamp": "2022-04-12T10-08-14"}, {"latitude": "5001", "longitude": "1001", "timestamp": "2022-04-12T10-08-17"}, {"latitude": "5001", "longitude": "1001", "timestamp": "2022-04-12T10-08-22"}, {"latitude": "5001", "longitude": "1001", "timestamp": "2022-04-12T10-08-28"}, {"latitude": "5001", "longitude": "1001", "timestamp": "2022-04-12T10-08-32"}, {"latitude": "5002", "longitude": "1002", "timestamp": "2022-04-12T10-08-36"}, {"latitude": "5002", "longitude": "1002", "timestamp": "2022-04-12T10-08-41"}, {"latitude": "5002", "longitude": "1002", "timestamp": "2022-04-12T10-08-46"}, {"latitude": "5002", "longitude": "1002", "timestamp": "2022-04-12T10-08-51"}, {"latitude": "5002", "longitude": "1002", "timestamp": "2022-04-12T10-08-56"}, {"latitude": "5002", "longitude": "1002", "timestamp": "2022-04-12T10-09-01"}, {"latitude": "5002", "longitude": "1002", "timestamp": "2022-04-12T10-09-06"}, {"latitude": "5002", "longitude": "1002", "timestamp": "2022-04-12T10-09-10"}, {"latitude": "5002", "longitude": "1002", "timestamp": "2022-04-12T10-09-15"}, {"latitude": "5002", "longitude": "1002", "timestamp": "2022-04-12T10-09-21"}, {"latitude": "5002", "longitude": "1002", "timestamp": "2022-04-12T10-09-25"}, {"latitude": "5002", "longitude": "1002", "timestamp": "2022-04-12T10-09-31"}, {"latitude": "5002", "longitude": "1002", "timestamp": "2022-04-12T10-09-36"}, {"latitude": "5002", "longitude": "1002", "timestamp": "2022-04-12T10-09-41"}, {"latitude": "5002", "longitude": "1002", "timestamp": "2022-04-12T10-09-46"}, {"latitude": "5002", "longitude": "1002", "timestamp": "2022-04-12T10-09-51"}, {"latitude": "5002", "longitude": "1002", "timestamp": "2022-04-12T10-09-56"}, {"latitude": "5002", "longitude": "1002", "timestamp": "2022-04-12T10-10-01"}, {"latitude": "5002", "longitude": "1002", "timestamp": "2022-04-12T10-10-06"}, {"latitude": "5002", "longitude": "1002", "timestamp": "2022-04-12T10-10-12"}, {"latitude": "5002", "longitude": "1002", "timestamp": "2022-04-12T10-10-16"}, {"latitude": "5002", "longitude": "1002", "timestamp": "2022-04-12T10-10-21"}, {"latitude": "5002", "longitude": "1002", "timestamp": "2022-04-12T10-10-26"}, {"latitude": "5002", "longitude": "1002", "timestamp": "2022-04-12T10-10-30"}, {"latitude": "5002", "longitude": "1002", "timestamp": "2022-04-12T10-10-36"}, {"latitude": "5002", "longitude": "1002", "timestamp": "2022-04-12T10-10-41"}, {"latitude": "5002", "longitude": "1002", "timestamp": "2022-04-12T10-10-46"}, {"latitude": "5002", "longitude": "1002", "timestamp": "2022-04-12T10-10-51"}, {"latitude": "5002", "longitude": "1002", "timestamp": "2022-04-12T10-10-55"}, {"latitude": "5002", "longitude": "1002", "timestamp": "2022-04-12T10-11-01"}, {"latitude": "5040", "longitude": "1040", "timestamp": "2022-04-12T10-13-38"}, {"latitude": "5040", "longitude": "1040", "timestamp": "2022-04-12T10-13-44"}, {"latitude": "5040", "longitude": "1040", "timestamp": "2022-04-12T10-13-50"}, {"latitude": "5040", "longitude": "1040", "timestamp": "2022-04-12T10-13-56"}, {"latitude": "5040", "longitude": "1040", "timestamp": "2022-04-12T10-14-02"}, {"latitude": "5040", "longitude": "1040", "timestamp": "2022-04-12T10-14-08"}, {"latitude": "5040", "longitude": "1040", "timestamp": "2022-04-12T10-14-11"}, {"latitude": "5040", "longitude": "1040", "timestamp": "2022-04-12T10-14-19"}, {"latitude": "5040", "longitude": "1040", "timestamp": "2022-04-12T10-14-21"}, {"latitude": "5040", "longitude": "1040", "timestamp": "2022-04-12T10-14-29"}, {"latitude": "5040", "longitude": "1040", "timestamp": "2022-04-12T10-14-34"}, {"latitude": "5040", "longitude": "1040", "timestamp": "2022-04-12T10-14-37"}, {"latitude": "5040", "longitude": "1040", "timestamp": "2022-04-12T10-14-40"}, {"latitude": "5040", "longitude": "1040", "timestamp": "2022-04-12T10-14-45"}, {"latitude": "5040", "longitude": "1040", "timestamp": "2022-04-12T10-14-51"}, {"latitude": "5040", "longitude": "1040", "timestamp": "2022-04-12T10-14-59"}, {"latitude": "5040", "longitude": "1040", "timestamp": "2022-04-12T10-15-00"}, {"latitude": "5040", "longitude": "1040", "timestamp": "2022-04-12T10-15-06"}, {"latitude": "5040", "longitude": "1040", "timestamp": "2022-04-12T10-15-12"}, {"latitude": "5040", "longitude": "1040", "timestamp": "2022-04-12T10-15-15"}, {"latitude": "5040", "longitude": "1040", "timestamp": "2022-04-12T10-15-19"}, {"latitude": "5040", "longitude": "1040", "timestamp": "2022-04-12T10-15-25"}, {"latitude": "5040", "longitude": "1040", "timestamp": "2022-04-12T10-15-28"}, {"latitude": "5040", "longitude": "1040", "timestamp": "2022-04-12T10-15-34"}, {"latitude": "5040", "longitude": "1040", "timestamp": "2022-04-12T10-15-38"}, {"latitude": "5040", "longitude": "1040", "timestamp": "2022-04-12T10-15-43"}, {"latitude": "5040", "longitude": "1040", "timestamp": "2022-04-12T10-15-48"}, {"latitude": "5040", "longitude": "1040", "timestamp": "2022-04-12T10-15-52"}, {"latitude": "5040", "longitude": "1040", "timestamp": "2022-04-12T10-15-58"}, {"latitude": "5040", "longitude": "1040", "timestamp": "2022-04-12T10-16-03"}, {"latitude": "5050", "longitude": "1050", "timestamp": "2022-04-12T10-16-18"}, {"latitude": "5050", "longitude": "1050", "timestamp": "2022-04-12T10-16-23"}, {"latitude": "5050", "longitude": "1050", "timestamp": "2022-04-12T10-16-28"}, {"latitude": "5050", "longitude": "1050", "timestamp": "2022-04-12T10-16-33"}, {"latitude": "5050", "longitude": "1050", "timestamp": "2022-04-12T10-16-38"}, {"latitude": "5050", "longitude": "1050", "timestamp": "2022-04-12T10-16-43"}, {"latitude": "5050", "longitude": "1050", "timestamp": "2022-04-12T10-16-48"}, {"latitude": "5050", "longitude": "1050", "timestamp": "2022-04-12T10-16-54"}, {"latitude": "5050", "longitude": "1050", "timestamp": "2022-04-12T10-16-58"}, {"latitude": "5050", "longitude": "1050", "timestamp": "2022-04-12T10-17-03"}, {"latitude": "5050", "longitude": "1050", "timestamp": "2022-04-12T10-17-08"}, {"latitude": "5050", "longitude": "1050", "timestamp": "2022-04-12T10-17-13"}, {"latitude": "5050", "longitude": "1050", "timestamp": "2022-04-12T10-17-18"}, {"latitude": "5050", "longitude": "1050", "timestamp": "2022-04-12T10-17-24"}, {"latitude": "5050", "longitude": "1050", "timestamp": "2022-04-12T10-17-28"}, {"latitude": "5050", "longitude": "1050", "timestamp": "2022-04-12T10-17-34"}, {"latitude": "5050", "longitude": "1050", "timestamp": "2022-04-12T10-17-38"}, {"latitude": "5050", "longitude": "1050", "timestamp": "2022-04-12T10-17-43"}, {"latitude": "5050", "longitude": "1050", "timestamp": "2022-04-12T10-17-49"}, {"latitude": "5050", "longitude": "1050", "timestamp": "2022-04-12T10-17-53"}, {"latitude": "5050", "longitude": "1050", "timestamp": "2022-04-12T10-17-58"}, {"latitude": "5050", "longitude": "1050", "timestamp": "2022-04-12T10-18-03"}, {"latitude": "5050", "longitude": "1050", "timestamp": "2022-04-12T10-18-09"}, {"latitude": "5050", "longitude": "1050", "timestamp": "2022-04-12T10-18-13"}, {"latitude": "5050", "longitude": "1050", "timestamp": "2022-04-12T10-18-18"}, {"latitude": "5050", "longitude": "1050", "timestamp": "2022-04-12T10-18-24"}, {"latitude": "5050", "longitude": "1050", "timestamp": "2022-04-12T10-18-29"}, {"latitude": "5050", "longitude": "1050", "timestamp": "2022-04-12T10-18-34"}]