[{"altitude": 0, "latitude": 0, "longitude": 0, "timestamp": 1649238010.06949}, {"altitude": "11", "latitude": "11", "longitude": "11", "timestamp": 1649238013.9225583}, {"altitude": "11", "latitude": "11", "longitude": "11", "timestamp": 1649238018.7138612}, {"altitude": "11", "latitude": "11", "longitude": "11", "timestamp": 1649238022.7185202}, {"altitude": "11", "latitude": "11", "longitude": "11", "timestamp": 1649238027.5664148}, {"altitude": "11", "latitude": "11", "longitude": "11", "timestamp": 1649238033.1153042}, {"altitude": "11", "latitude": "11", "longitude": "11", "timestamp": 1649238038.5720181}, {"altitude": "11", "latitude": "11", "longitude": "11", "timestamp": 1649238043.316044}, {"altitude": "11", "latitude": "11", "longitude": "11", "timestamp": 1649238048.4155853}, {"altitude": "11", "latitude": "11", "longitude": "11", "timestamp": 1649238052.914363}, {"altitude": "11", "latitude": "11", "longitude": "11", "timestamp": 1649238057.9159174}, {"altitude": "11", "latitude": "11", "longitude": "11", "timestamp": 1649238063.4651031}, {"altitude": "11", "latitude": "11", "longitude": "11", "timestamp": 1649238068.616442}, {"altitude": "11", "latitude": "11", "longitude": "11", "timestamp": 1649238072.3164802}, {"altitude": "11", "latitude": "11", "longitude": "11", "timestamp": 1649238078.2723155}, {"altitude": "11", "latitude": "11", "longitude": "11", "timestamp": 1649238083.2191176}, {"altitude": "11", "latitude": "11", "longitude": "11", "timestamp": 1649238088.3192763}, {"altitude": "11", "latitude": "11", "longitude": "11", "timestamp": 1649238093.614698}, {"altitude": "11", "latitude": "11", "longitude": "11", "timestamp": 1649238099.1144288}, {"altitude": "11", "latitude": "11", "longitude": "11", "timestamp": 1649238103.614941}, {"altitude": "11", "latitude": "11", "longitude": "11", "timestamp": 1649238108.8198137}, {"altitude": "11", "latitude": "11", "longitude": "11", "timestamp": 1649238113.764478}, {"altitude": "11", "latitude": "11", "longitude": "11", "timestamp": 1649238118.6145177}, {"altitude": "11", "latitude": "11", "longitude": "11", "timestamp": 1649238123.0718935}, {"altitude": "11", "latitude": "11", "longitude": "11", "timestamp": 1649238127.8722394}, {"altitude": "11", "latitude": "11", "longitude": "11", "timestamp": 1649238133.266213}, {"altitude": "11", "latitude": "11", "longitude": "11", "timestamp": 1649238138.1639962}, {"altitude": "11", "latitude": "11", "longitude": "11", "timestamp": 1649238143.364293}, {"altitude": "11", "latitude": "11", "longitude": "11", "timestamp": 1649238148.2160332}, {"altitude": "11", "latitude": "11", "longitude": "11", "timestamp": 1649238153.4139078}, {"altitude": "11", "latitude": "11", "longitude": "11", "timestamp": 1649238158.0147424}, {"altitude": "22", "latitude": "22", "longitude": "22", "timestamp": 1649238159.489796}, {"altitude": "22", "latitude": "22", "longitude": "22", "timestamp": 1649238164.494978}, {"altitude": "22", "latitude": "22", "longitude": "22", "timestamp": 1649238169.504723}, {"altitude": "22", "latitude": "22", "longitude": "22", "timestamp": 1649238174.528785}, {"altitude": "22", "latitude": "22", "longitude": "22", "timestamp": 1649238179.526212}, {"altitude": "22", "latitude": "22", "longitude": "22", "timestamp": 1649238184.572418}, {"altitude": "22", "latitude": "22", "longitude": "22", "timestamp": 1649238189.559951}, {"altitude": "22", "latitude": "22", "longitude": "22", "timestamp": 1649238194.582501}, {"altitude": "22", "latitude": "22", "longitude": "22", "timestamp": 1649238199.587863}, {"altitude": "22", "latitude": "22", "longitude": "22", "timestamp": 1649238204.593261}, {"altitude": "22", "latitude": "22", "longitude": "22", "timestamp": 1649238209.655419}, {"altitude": "22", "latitude": "22", "longitude": "22", "timestamp": 1649238214.613832}, {"altitude": "22", "latitude": "22", "longitude": "22", "timestamp": 1649238219.62085}, {"altitude": "22", "latitude": "22", "longitude": "22", "timestamp": 1649238224.638908}, {"altitude": "22", "latitude": "22", "longitude": "22", "timestamp": 1649238229.639958}, {"altitude": "22", "latitude": "22", "longitude": "22", "timestamp": 1649238234.650445}, {"altitude": "22", "latitude": "22", "longitude": "22", "timestamp": 1649238239.658126}, {"altitude": "22", "latitude": "22", "longitude": "22", "timestamp": 1649238244.666506}, {"altitude": "22", "latitude": "22", "longitude": "22", "timestamp": 1649238249.677527}, {"altitude": "22", "latitude": "22", "longitude": "22", "timestamp": 1649238254.692992}, {"altitude": "22", "latitude": "22", "longitude": "22", "timestamp": 1649238259.706198}, {"altitude": "22", "latitude": "22", "longitude": "22", "timestamp": 1649238264.719309}, {"altitude": "22", "latitude": "22", "longitude": "22", "timestamp": 1649238269.724375}, {"altitude": "22", "latitude": "22", "longitude": "22", "timestamp": 1649238274.727512}, {"altitude": "22", "latitude": "22", "longitude": "22", "timestamp": 1649238279.743672}, {"altitude": "22", "latitude": "22", "longitude": "22", "timestamp": 1649238284.753404}, {"altitude": "22", "latitude": "22", "longitude": "22", "timestamp": 1649238289.762217}, {"altitude": "22", "latitude": "22", "longitude": "22", "timestamp": 1649238294.772381}, {"altitude": "22", "latitude": "22", "longitude": "22", "timestamp": 1649238299.783633}, {"altitude": "22", "latitude": "22", "longitude": "22", "timestamp": 1649238304.795017}, {"altitude": "44", "latitude": "44", "longitude": "44", "timestamp": 1649238460.514592}, {"altitude": "44", "latitude": "44", "longitude": "44", "timestamp": 1649238465.622816}, {"altitude": "44", "latitude": "44", "longitude": "44", "timestamp": 1649238470.423432}, {"altitude": "44", "latitude": "44", "longitude": "44", "timestamp": 1649238475.46607}, {"altitude": "44", "latitude": "44", "longitude": "44", "timestamp": 1649238480.583156}, {"altitude": "44", "latitude": "44", "longitude": "44", "timestamp": 1649238485.718481}, {"altitude": "44", "latitude": "44", "longitude": "44", "timestamp": 1649238490.717056}, {"altitude": "44", "latitude": "44", "longitude": "44", "timestamp": 1649238495.614284}, {"altitude": "44", "latitude": "44", "longitude": "44", "timestamp": 1649238500.667745}, {"altitude": "44", "latitude": "44", "longitude": "44", "timestamp": 1649238505.614909}, {"altitude": "44", "latitude": "44", "longitude": "44", "timestamp": 1649238510.619592}, {"altitude": "44", "latitude": "44", "longitude": "44", "timestamp": 1649238515.668145}, {"altitude": "44", "latitude": "44", "longitude": "44", "timestamp": 1649238520.616939}, {"altitude": "44", "latitude": "44", "longitude": "44", "timestamp": 1649238525.722153}, {"altitude": "44", "latitude": "44", "longitude": "44", "timestamp": 1649238530.67052}, {"altitude": "44", "latitude": "44", "longitude": "44", "timestamp": 1649238535.920298}, {"altitude": "44", "latitude": "44", "longitude": "44", "timestamp": 1649238540.926292}, {"altitude": "44", "latitude": "44", "longitude": "44", "timestamp": 1649238545.72294}, {"altitude": "44", "latitude": "44", "longitude": "44", "timestamp": 1649238550.731842}, {"altitude": "44", "latitude": "44", "longitude": "44", "timestamp": 1649238555.765696}, {"altitude": "44", "latitude": "44", "longitude": "44", "timestamp": 1649238560.766245}, {"altitude": "44", "latitude": "44", "longitude": "44", "timestamp": 1649238565.722007}, {"altitude": "44", "latitude": "44", "longitude": "44", "timestamp": 1649238570.867111}, {"altitude": "44", "latitude": "44", "longitude": "44", "timestamp": 1649238575.913885}, {"altitude": "44", "latitude": "44", "longitude": "44", "timestamp": 1649238581.124144}, {"altitude": "44", "latitude": "44", "longitude": "44", "timestamp": 1649238585.775982}, {"altitude": "44", "latitude": "44", "longitude": "44", "timestamp": 1649238590.865779}, {"altitude": "44", "latitude": "44", "longitude": "44", "timestamp": 1649238595.867572}, {"altitude": "44", "latitude": "44", "longitude": "44", "timestamp": 1649238600.91933}, {"altitude": "44", "latitude": "44", "longitude": "44", "timestamp": 1649238606.092327}, {"altitude": "55", "latitude": "55", "longitude": "55", "timestamp": 1649238622.3217998}, {"altitude": "55", "latitude": "55", "longitude": "55", "timestamp": 1649238626.3157015}, {"altitude": "55", "latitude": "55", "longitude": "55", "timestamp": 1649238630.8228655}, {"altitude": "55", "latitude": "55", "longitude": "55", "timestamp": 1649238636.8640144}, {"altitude": "55", "latitude": "55", "longitude": "55", "timestamp": 1649238641.816927}, {"altitude": "55", "latitude": "55", "longitude": "55", "timestamp": 1649238646.7179482}, {"altitude": "55", "latitude": "55", "longitude": "55", "timestamp": 1649238652.5476053}, {"altitude": "55", "latitude": "55", "longitude": "55", "timestamp": 1649238659.0639415}, {"altitude": "55", "latitude": "55", "longitude": "55", "timestamp": 1649238663.368022}, {"altitude": "55", "latitude": "55", "longitude": "55", "timestamp": 1649238667.6145854}, {"altitude": "55", "latitude": "55", "longitude": "55", "timestamp": 1649238673.320368}, {"altitude": "55", "latitude": "55", "longitude": "55", "timestamp": 1649238677.9660718}, {"altitude": "55", "latitude": "55", "longitude": "55", "timestamp": 1649238682.4168167}, {"altitude": "55", "latitude": "55", "longitude": "55", "timestamp": 1649238687.1701324}, {"altitude": "55", "latitude": "55", "longitude": "55", "timestamp": 1649238692.1168802}, {"altitude": "55", "latitude": "55", "longitude": "55", "timestamp": 1649238696.5175204}, {"altitude": "55", "latitude": "55", "longitude": "55", "timestamp": 1649238701.1654058}, {"altitude": "55", "latitude": "55", "longitude": "55", "timestamp": 1649238706.8189683}, {"altitude": "55", "latitude": "55", "longitude": "55", "timestamp": 1649238711.7663844}, {"altitude": "55", "latitude": "55", "longitude": "55", "timestamp": 1649238716.2162263}, {"altitude": "55", "latitude": "55", "longitude": "55", "timestamp": 1649238721.7647707}, {"altitude": "55", "latitude": "55", "longitude": "55", "timestamp": 1649238726.8202863}, {"altitude": "55", "latitude": "55", "longitude": "55", "timestamp": 1649238731.0157027}, {"altitude": "55", "latitude": "55", "longitude": "55", "timestamp": 1649238736.913836}, {"altitude": "55", "latitude": "55", "longitude": "55", "timestamp": 1649238741.6666095}, {"altitude": "55", "latitude": "55", "longitude": "55", "timestamp": 1649238746.4700835}, {"altitude": "55", "latitude": "55", "longitude": "55", "timestamp": 1649238751.7665808}, {"altitude": "55", "latitude": "55", "longitude": "55", "timestamp": 1649238756.1138263}, {"altitude": "55", "latitude": "55", "longitude": "55", "timestamp": 1649238761.3146687}]