[{"latitude": 0, "longitude": 0, "timestamp": "2022-04-12T10-06-03"}, {"latitude": "5001", "longitude": "1001", "timestamp": "2022-04-12T10-06-01"}, {"latitude": "5001", "longitude": "1001", "timestamp": "2022-04-12T10-06-06"}, {"latitude": "5001", "longitude": "1001", "timestamp": "2022-04-12T10-06-11"}, {"latitude": "5001", "longitude": "1001", "timestamp": "2022-04-12T10-06-16"}, {"latitude": "5001", "longitude": "1001", "timestamp": "2022-04-12T10-06-21"}, {"latitude": "5001", "longitude": "1001", "timestamp": "2022-04-12T10-06-26"}, {"latitude": "5001", "longitude": "1001", "timestamp": "2022-04-12T10-06-31"}, {"latitude": "5001", "longitude": "1001", "timestamp": "2022-04-12T10-06-36"}, {"latitude": "5001", "longitude": "1001", "timestamp": "2022-04-12T10-06-42"}, {"latitude": "5001", "longitude": "1001", "timestamp": "2022-04-12T10-06-47"}, {"latitude": "5001", "longitude": "1001", "timestamp": "2022-04-12T10-06-52"}, {"latitude": "5001", "longitude": "1001", "timestamp": "2022-04-12T10-06-57"}, {"latitude": "5001", "longitude": "1001", "timestamp": "2022-04-12T10-07-02"}, {"latitude": "5001", "longitude": "1001", "timestamp": "2022-04-12T10-07-07"}, {"latitude": "5001", "longitude": "1001", "timestamp": "2022-04-12T10-07-12"}, {"latitude": "5001", "longitude": "1001", "timestamp": "2022-04-12T10-07-17"}, {"latitude": "5001", "longitude": "1001", "timestamp": "2022-04-12T10-07-22"}, {"latitude": "5001", "longitude": "1001", "timestamp": "2022-04-12T10-07-27"}, {"latitude": "5001", "longitude": "1001", "timestamp": "2022-04-12T10-07-32"}, {"latitude": "5001", "longitude": "1001", "timestamp": "2022-04-12T10-07-37"}, {"latitude": "5001", "longitude": "1001", "timestamp": "2022-04-12T10-07-42"}, {"latitude": "5001", "longitude": "1001", "timestamp": "2022-04-12T10-07-47"}, {"latitude": "5001", "longitude": "1001", "timestamp": "2022-04-12T10-07-52"}, {"latitude": "5001", "longitude": "1001", "timestamp": "2022-04-12T10-07-57"}, {"latitude": "5001", "longitude": "1001", "timestamp": "2022-04-12T10-08-02"}, {"latitude": "5001", "longitude": "1001", "timestamp": "2022-04-12T10-08-07"}, {"latitude": "5001", "longitude": "1001", "timestamp": "2022-04-12T10-08-12"}, {"latitude": "5001", "longitude": "1001", "timestamp": "2022-04-12T10-08-17"}, {"latitude": "5001", "longitude": "1001", "timestamp": "2022-04-12T10-08-22"}, {"latitude": "5001", "longitude": "1001", "timestamp": "2022-04-12T10-08-27"}, {"latitude": "5002", "longitude": "1002", "timestamp": "2022-04-12T10-08-36"}, {"latitude": "5002", "longitude": "1002", "timestamp": "2022-04-12T10-08-40"}, {"latitude": "5002", "longitude": "1002", "timestamp": "2022-04-12T10-08-45"}, {"latitude": "5002", "longitude": "1002", "timestamp": "2022-04-12T10-08-51"}, {"latitude": "5002", "longitude": "1002", "timestamp": "2022-04-12T10-08-55"}, {"latitude": "5002", "longitude": "1002", "timestamp": "2022-04-12T10-09-01"}, {"latitude": "5002", "longitude": "1002", "timestamp": "2022-04-12T10-09-06"}, {"latitude": "5002", "longitude": "1002", "timestamp": "2022-04-12T10-09-11"}, {"latitude": "5002", "longitude": "1002", "timestamp": "2022-04-12T10-09-16"}, {"latitude": "5002", "longitude": "1002", "timestamp": "2022-04-12T10-09-21"}, {"latitude": "5002", "longitude": "1002", "timestamp": "2022-04-12T10-09-26"}, {"latitude": "5002", "longitude": "1002", "timestamp": "2022-04-12T10-09-30"}, {"latitude": "5002", "longitude": "1002", "timestamp": "2022-04-12T10-09-36"}, {"latitude": "5002", "longitude": "1002", "timestamp": "2022-04-12T10-09-41"}, {"latitude": "5002", "longitude": "1002", "timestamp": "2022-04-12T10-09-45"}, {"latitude": "5002", "longitude": "1002", "timestamp": "2022-04-12T10-09-51"}, {"latitude": "5002", "longitude": "1002", "timestamp": "2022-04-12T10-09-56"}, {"latitude": "5002", "longitude": "1002", "timestamp": "2022-04-12T10-10-00"}, {"latitude": "5002", "longitude": "1002", "timestamp": "2022-04-12T10-10-07"}, {"latitude": "5002", "longitude": "1002", "timestamp": "2022-04-12T10-10-11"}, {"latitude": "5002", "longitude": "1002", "timestamp": "2022-04-12T10-10-15"}, {"latitude": "5002", "longitude": "1002", "timestamp": "2022-04-12T10-10-21"}, {"latitude": "5002", "longitude": "1002", "timestamp": "2022-04-12T10-10-25"}, {"latitude": "5002", "longitude": "1002", "timestamp": "2022-04-12T10-10-31"}, {"latitude": "5002", "longitude": "1002", "timestamp": "2022-04-12T10-10-36"}, {"latitude": "5002", "longitude": "1002", "timestamp": "2022-04-12T10-10-41"}, {"latitude": "5002", "longitude": "1002", "timestamp": "2022-04-12T10-10-45"}, {"latitude": "5002", "longitude": "1002", "timestamp": "2022-04-12T10-10-51"}, {"latitude": "5002", "longitude": "1002", "timestamp": "2022-04-12T10-10-56"}, {"latitude": "5002", "longitude": "1002", "timestamp": "2022-04-12T10-11-01"}, {"latitude": "5040", "longitude": "1040", "timestamp": "2022-04-12T10-13-38"}, {"latitude": "5040", "longitude": "1040", "timestamp": "2022-04-12T10-13-43"}, {"latitude": "5040", "longitude": "1040", "timestamp": "2022-04-12T10-13-51"}, {"latitude": "5040", "longitude": "1040", "timestamp": "2022-04-12T10-13-55"}, {"latitude": "5040", "longitude": "1040", "timestamp": "2022-04-12T10-14-00"}, {"latitude": "5040", "longitude": "1040", "timestamp": "2022-04-12T10-14-08"}, {"latitude": "5040", "longitude": "1040", "timestamp": "2022-04-12T10-14-13"}, {"latitude": "5040", "longitude": "1040", "timestamp": "2022-04-12T10-14-17"}, {"latitude": "5040", "longitude": "1040", "timestamp": "2022-04-12T10-14-25"}, {"latitude": "5040", "longitude": "1040", "timestamp": "2022-04-12T10-14-26"}, {"latitude": "5040", "longitude": "1040", "timestamp": "2022-04-12T10-14-34"}, {"latitude": "5040", "longitude": "1040", "timestamp": "2022-04-12T10-14-36"}, {"latitude": "5040", "longitude": "1040", "timestamp": "2022-04-12T10-14-43"}, {"latitude": "5040", "longitude": "1040", "timestamp": "2022-04-12T10-14-48"}, {"latitude": "5040", "longitude": "1040", "timestamp": "2022-04-12T10-14-51"}, {"latitude": "5040", "longitude": "1040", "timestamp": "2022-04-12T10-14-55"}, {"latitude": "5040", "longitude": "1040", "timestamp": "2022-04-12T10-15-02"}, {"latitude": "5040", "longitude": "1040", "timestamp": "2022-04-12T10-15-07"}, {"latitude": "5040", "longitude": "1040", "timestamp": "2022-04-12T10-15-10"}, {"latitude": "5040", "longitude": "1040", "timestamp": "2022-04-12T10-15-15"}, {"latitude": "5040", "longitude": "1040", "timestamp": "2022-04-12T10-15-20"}, {"latitude": "5040", "longitude": "1040", "timestamp": "2022-04-12T10-15-24"}, {"latitude": "5040", "longitude": "1040", "timestamp": "2022-04-12T10-15-29"}, {"latitude": "5040", "longitude": "1040", "timestamp": "2022-04-12T10-15-33"}, {"latitude": "5040", "longitude": "1040", "timestamp": "2022-04-12T10-15-38"}, {"latitude": "5040", "longitude": "1040", "timestamp": "2022-04-12T10-15-43"}, {"latitude": "5040", "longitude": "1040", "timestamp": "2022-04-12T10-15-47"}, {"latitude": "5040", "longitude": "1040", "timestamp": "2022-04-12T10-15-52"}, {"latitude": "5040", "longitude": "1040", "timestamp": "2022-04-12T10-15-58"}, {"latitude": "5040", "longitude": "1040", "timestamp": "2022-04-12T10-16-02"}, {"latitude": "5050", "longitude": "1050", "timestamp": "2022-04-12T10-16-14"}, {"latitude": "5050", "longitude": "1050", "timestamp": "2022-04-12T10-16-19"}, {"latitude": "5050", "longitude": "1050", "timestamp": "2022-04-12T10-16-24"}, {"latitude": "5050", "longitude": "1050", "timestamp": "2022-04-12T10-16-29"}, {"latitude": "5050", "longitude": "1050", "timestamp": "2022-04-12T10-16-34"}, {"latitude": "5050", "longitude": "1050", "timestamp": "2022-04-12T10-16-39"}, {"latitude": "5050", "longitude": "1050", "timestamp": "2022-04-12T10-16-44"}, {"latitude": "5050", "longitude": "1050", "timestamp": "2022-04-12T10-16-49"}, {"latitude": "5050", "longitude": "1050", "timestamp": "2022-04-12T10-16-54"}, {"latitude": "5050", "longitude": "1050", "timestamp": "2022-04-12T10-16-59"}, {"latitude": "5050", "longitude": "1050", "timestamp": "2022-04-12T10-17-04"}, {"latitude": "5050", "longitude": "1050", "timestamp": "2022-04-12T10-17-09"}, {"latitude": "5050", "longitude": "1050", "timestamp": "2022-04-12T10-17-14"}, {"latitude": "5050", "longitude": "1050", "timestamp": "2022-04-12T10-17-19"}, {"latitude": "5050", "longitude": "1050", "timestamp": "2022-04-12T10-17-24"}, {"latitude": "5050", "longitude": "1050", "timestamp": "2022-04-12T10-17-29"}, {"latitude": "5050", "longitude": "1050", "timestamp": "2022-04-12T10-17-34"}, {"latitude": "5050", "longitude": "1050", "timestamp": "2022-04-12T10-17-39"}, {"latitude": "5050", "longitude": "1050", "timestamp": "2022-04-12T10-17-45"}, {"latitude": "5050", "longitude": "1050", "timestamp": "2022-04-12T10-17-50"}, {"latitude": "5050", "longitude": "1050", "timestamp": "2022-04-12T10-17-55"}, {"latitude": "5050", "longitude": "1050", "timestamp": "2022-04-12T10-18-00"}, {"latitude": "5050", "longitude": "1050", "timestamp": "2022-04-12T10-18-05"}, {"latitude": "5050", "longitude": "1050", "timestamp": "2022-04-12T10-18-10"}, {"latitude": "5050", "longitude": "1050", "timestamp": "2022-04-12T10-18-15"}, {"latitude": "5050", "longitude": "1050", "timestamp": "2022-04-12T10-18-20"}, {"latitude": "5050", "longitude": "1050", "timestamp": "2022-04-12T10-18-25"}, {"latitude": "5050", "longitude": "1050", "timestamp": "2022-04-12T10-18-30"}]